Country code,Year,%Electricity generated from Solar energy
AFG,2000,0.0
AFG,2001,0.0
AFG,2002,0.0
AFG,2003,0.0
AFG,2004,0.0
AFG,2005,0.0
AFG,2006,0.0
AFG,2007,0.0
AFG,2008,0.0
AFG,2009,0.0
AFG,2010,0.0
AFG,2011,0.0
AFG,2012,3.41
AFG,2013,2.7
AFG,2014,2.59
AFG,2015,2.54
AFG,2016,3.31
AFG,2017,3.15
AFG,2018,3.42
AFG,2019,4.67
AFG,2020,7.5
AFG,2021,9.64
ALB,2000,0.0
ALB,2001,0.0
ALB,2002,0.0
ALB,2003,0.0
ALB,2004,0.0
ALB,2005,0.0
ALB,2006,0.0
ALB,2007,0.0
ALB,2008,0.0
ALB,2009,0.0
ALB,2010,0.0
ALB,2011,0.0
ALB,2012,0.0
ALB,2013,0.0
ALB,2014,0.0
ALB,2015,0.0
ALB,2016,0.0
ALB,2017,0.0
ALB,2018,0.0
ALB,2019,0.38
ALB,2020,0.56
DZA,2000,0.0
DZA,2001,0.0
DZA,2002,0.0
DZA,2003,0.0
DZA,2004,0.0
DZA,2005,0.0
DZA,2006,0.0
DZA,2007,0.0
DZA,2008,0.0
DZA,2009,0.0
DZA,2010,0.0
DZA,2011,0.0
DZA,2012,0.0
DZA,2013,0.0
DZA,2014,0.0
DZA,2015,0.09
DZA,2016,0.13
DZA,2017,0.8
DZA,2018,0.9
DZA,2019,0.89
DZA,2020,0.91
DZA,2021,1.04
ASM,2000,0.0
ASM,2001,0.0
ASM,2002,0.0
ASM,2003,0.0
ASM,2004,0.0
ASM,2005,0.0
ASM,2006,0.0
ASM,2007,0.0
ASM,2008,0.0
ASM,2009,0.0
ASM,2010,0.0
ASM,2011,0.0
ASM,2012,0.0
ASM,2013,0.0
ASM,2014,0.0
ASM,2015,0.0
ASM,2016,0.0
ASM,2017,0.0
ASM,2018,0.0
ASM,2019,0.0
ASM,2020,0.0
ASM,2021,0.0
AGO,2000,0.0
AGO,2001,0.0
AGO,2002,0.0
AGO,2003,0.0
AGO,2004,0.0
AGO,2005,0.0
AGO,2006,0.0
AGO,2007,0.0
AGO,2008,0.0
AGO,2009,0.0
AGO,2010,0.19
AGO,2011,0.18
AGO,2012,0.17
AGO,2013,0.13
AGO,2014,0.22
AGO,2015,0.21
AGO,2016,0.2
AGO,2017,0.19
AGO,2018,0.16
AGO,2019,0.13
AGO,2020,0.12
AGO,2021,0.12
ATG,2000,0.0
ATG,2001,0.0
ATG,2002,0.0
ATG,2003,0.0
ATG,2004,0.0
ATG,2005,0.0
ATG,2006,0.0
ATG,2007,0.0
ATG,2008,0.0
ATG,2009,0.0
ATG,2010,0.0
ATG,2011,0.0
ATG,2012,0.0
ATG,2013,0.0
ATG,2014,0.0
ATG,2015,3.03
ATG,2016,0.0
ATG,2017,3.03
ATG,2018,3.03
ATG,2019,2.94
ATG,2020,6.06
ATG,2021,5.71
ARG,2000,0.0
ARG,2001,0.0
ARG,2002,0.0
ARG,2003,0.0
ARG,2004,0.0
ARG,2005,0.0
ARG,2006,0.0
ARG,2007,0.0
ARG,2008,0.0
ARG,2009,0.0
ARG,2010,0.0
ARG,2011,0.0
ARG,2012,0.01
ARG,2013,0.01
ARG,2014,0.02
ARG,2015,0.01
ARG,2016,0.01
ARG,2017,0.01
ARG,2018,0.08
ARG,2019,0.59
ARG,2020,0.96
ARG,2021,1.48
ARM,2000,0.0
ARM,2001,0.0
ARM,2002,0.0
ARM,2003,0.0
ARM,2004,0.0
ARM,2005,0.0
ARM,2006,0.0
ARM,2007,0.0
ARM,2008,0.0
ARM,2009,0.0
ARM,2010,0.0
ARM,2011,0.0
ARM,2012,0.0
ARM,2013,0.0
ARM,2014,0.0
ARM,2015,0.0
ARM,2016,0.0
ARM,2017,0.0
ARM,2018,0.27
ARM,2019,0.82
ARM,2020,1.88
ARM,2021,1.23
ABW,2000,0.0
ABW,2001,0.0
ABW,2002,0.0
ABW,2003,0.0
ABW,2004,0.0
ABW,2005,0.0
ABW,2006,0.0
ABW,2007,0.0
ABW,2008,0.0
ABW,2009,0.0
ABW,2010,0.0
ABW,2011,0.0
ABW,2012,0.0
ABW,2013,0.0
ABW,2014,1.12
ABW,2015,1.08
ABW,2016,1.11
ABW,2017,1.08
ABW,2018,1.1
ABW,2019,1.09
ABW,2020,1.14
ABW,2021,1.08
AUS,2000,0.02
AUS,2001,0.02
AUS,2002,0.02
AUS,2003,0.03
AUS,2004,0.03
AUS,2005,0.04
AUS,2006,0.04
AUS,2007,0.05
AUS,2008,0.06
AUS,2009,0.07
AUS,2010,0.17
AUS,2011,0.58
AUS,2012,1.0
AUS,2013,1.51
AUS,2014,1.66
AUS,2015,2.17
AUS,2016,2.52
AUS,2017,3.23
AUS,2018,3.97
AUS,2019,5.94
AUS,2020,9.51
AUS,2021,11.35
AUT,2000,0.0
AUT,2001,0.02
AUT,2002,0.02
AUT,2003,0.02
AUT,2004,0.03
AUT,2005,0.03
AUT,2006,0.03
AUT,2007,0.03
AUT,2008,0.05
AUT,2009,0.08
AUT,2010,0.13
AUT,2011,0.27
AUT,2012,0.49
AUT,2013,0.98
AUT,2014,1.28
AUT,2015,1.52
AUT,2016,1.69
AUT,2017,1.88
AUT,2018,2.24
AUT,2019,2.4
AUT,2020,2.95
AUT,2021,3.1
AZE,2000,0.0
AZE,2001,0.0
AZE,2002,0.0
AZE,2003,0.0
AZE,2004,0.0
AZE,2005,0.0
AZE,2006,0.0
AZE,2007,0.0
AZE,2008,0.0
AZE,2009,0.0
AZE,2010,0.0
AZE,2011,0.0
AZE,2012,0.0
AZE,2013,0.0
AZE,2014,0.0
AZE,2015,0.0
AZE,2016,0.17
AZE,2017,0.17
AZE,2018,0.17
AZE,2019,0.16
AZE,2020,0.21
AZE,2021,0.19
BHS,2000,0.0
BHS,2001,0.0
BHS,2002,0.0
BHS,2003,0.0
BHS,2004,0.0
BHS,2005,0.0
BHS,2006,0.0
BHS,2007,0.0
BHS,2008,0.0
BHS,2009,0.0
BHS,2010,0.0
BHS,2011,0.0
BHS,2012,0.0
BHS,2013,0.0
BHS,2014,0.0
BHS,2015,0.0
BHS,2016,0.0
BHS,2017,0.0
BHS,2018,0.0
BHS,2019,0.0
BHS,2020,0.0
BHS,2021,0.0
BHR,2000,0.0
BHR,2001,0.0
BHR,2002,0.0
BHR,2003,0.0
BHR,2004,0.0
BHR,2005,0.0
BHR,2006,0.0
BHR,2007,0.0
BHR,2008,0.0
BHR,2009,0.0
BHR,2010,0.0
BHR,2011,0.0
BHR,2012,0.0
BHR,2013,0.0
BHR,2014,0.04
BHR,2015,0.04
BHR,2016,0.04
BHR,2017,0.04
BHR,2018,0.04
BHR,2019,0.03
BHR,2020,0.03
BHR,2021,0.03
BGD,2000,0.0
BGD,2001,0.0
BGD,2002,0.0
BGD,2003,0.0
BGD,2004,0.0
BGD,2005,0.0
BGD,2006,0.03
BGD,2007,0.07
BGD,2008,0.06
BGD,2009,0.09
BGD,2010,0.18
BGD,2011,0.14
BGD,2012,0.2
BGD,2013,0.26
BGD,2014,0.3
BGD,2015,0.36
BGD,2016,0.34
BGD,2017,0.36
BGD,2018,0.38
BGD,2019,0.42
BGD,2020,0.51
BGD,2021,0.58
BRB,2000,0.0
BRB,2001,0.0
BRB,2002,0.0
BRB,2003,0.0
BRB,2004,0.0
BRB,2005,0.0
BRB,2006,0.0
BRB,2007,0.0
BRB,2008,0.0
BRB,2009,0.0
BRB,2010,0.0
BRB,2011,0.0
BRB,2012,0.0
BRB,2013,0.0
BRB,2014,1.03
BRB,2015,1.02
BRB,2016,2.0
BRB,2017,2.97
BRB,2018,3.0
BRB,2019,3.92
BRB,2020,7.0
BRB,2021,7.48
BLR,2000,0.0
BLR,2001,0.0
BLR,2002,0.0
BLR,2003,0.0
BLR,2004,0.0
BLR,2005,0.0
BLR,2006,0.0
BLR,2007,0.0
BLR,2008,0.0
BLR,2009,0.0
BLR,2010,0.0
BLR,2011,0.0
BLR,2012,0.0
BLR,2013,0.0
BLR,2014,0.0
BLR,2015,0.03
BLR,2016,0.1
BLR,2017,0.28
BLR,2018,0.49
BLR,2019,0.48
BLR,2020,0.5
BLR,2021,0.41
BEL,2000,0.0
BEL,2001,0.0
BEL,2002,0.0
BEL,2003,0.0
BEL,2004,0.0
BEL,2005,0.0
BEL,2006,0.0
BEL,2007,0.01
BEL,2008,0.05
BEL,2009,0.19
BEL,2010,0.6
BEL,2011,1.31
BEL,2012,2.64
BEL,2013,3.23
BEL,2014,4.07
BEL,2015,4.49
BEL,2016,3.69
BEL,2017,3.9
BEL,2018,5.3
BEL,2019,4.6
BEL,2020,5.82
BEL,2021,5.59
BLZ,2000,0.0
BLZ,2001,0.0
BLZ,2002,0.0
BLZ,2003,0.0
BLZ,2004,0.0
BLZ,2005,0.0
BLZ,2006,0.0
BLZ,2007,0.0
BLZ,2008,0.0
BLZ,2009,0.0
BLZ,2010,0.0
BLZ,2011,0.0
BLZ,2012,0.0
BLZ,2013,0.0
BLZ,2014,0.0
BLZ,2015,0.0
BLZ,2016,0.0
BLZ,2017,0.0
BLZ,2018,0.0
BLZ,2019,1.15
BLZ,2020,1.61
BLZ,2021,1.56
BEN,2000,0.0
BEN,2001,0.0
BEN,2002,0.0
BEN,2003,0.0
BEN,2004,0.0
BEN,2005,0.0
BEN,2006,0.0
BEN,2007,0.0
BEN,2008,0.0
BEN,2009,0.0
BEN,2010,0.0
BEN,2011,0.0
BEN,2012,0.0
BEN,2013,0.0
BEN,2014,0.0
BEN,2015,0.0
BEN,2016,0.0
BEN,2017,0.0
BEN,2018,0.0
BEN,2019,5.0
BEN,2020,4.35
BEN,2021,4.17
BMU,2000,
BMU,2001,
BMU,2002,
BMU,2003,
BMU,2004,
BMU,2005,
BMU,2006,
BMU,2007,
BMU,2008,
BMU,2009,
BMU,2010,
BMU,2011,
BMU,2012,
BMU,2013,
BMU,2014,
BMU,2015,
BMU,2016,
BMU,2017,
BMU,2018,
BMU,2019,
BMU,2020,
BMU,2021,
BTN,2000,0.0
BTN,2001,0.0
BTN,2002,0.0
BTN,2003,0.0
BTN,2004,0.0
BTN,2005,0.0
BTN,2006,0.0
BTN,2007,0.0
BTN,2008,0.0
BTN,2009,0.0
BTN,2010,0.0
BTN,2011,0.0
BTN,2012,0.0
BTN,2013,0.0
BTN,2014,0.0
BTN,2015,0.0
BTN,2016,0.0
BTN,2017,0.0
BTN,2018,0.0
BTN,2019,0.0
BTN,2020,0.0
BTN,2021,0.0
BOL,2000,0.0
BOL,2001,0.0
BOL,2002,0.0
BOL,2003,0.0
BOL,2004,0.0
BOL,2005,0.0
BOL,2006,0.0
BOL,2007,0.0
BOL,2008,0.0
BOL,2009,0.0
BOL,2010,0.0
BOL,2011,0.0
BOL,2012,0.0
BOL,2013,0.0
BOL,2014,0.12
BOL,2015,0.0
BOL,2016,0.11
BOL,2017,0.11
BOL,2018,1.38
BOL,2019,1.9
BOL,2020,3.38
BOL,2021,4.44
BIH,2000,0.0
BIH,2001,0.0
BIH,2002,0.0
BIH,2003,0.0
BIH,2004,0.0
BIH,2005,0.0
BIH,2006,0.0
BIH,2007,0.0
BIH,2008,0.0
BIH,2009,0.0
BIH,2010,0.0
BIH,2011,0.0
BIH,2012,0.0
BIH,2013,0.0
BIH,2014,0.06
BIH,2015,0.07
BIH,2016,0.12
BIH,2017,0.13
BIH,2018,0.11
BIH,2019,0.18
BIH,2020,0.32
BIH,2021,0.4
BWA,2000,0.0
BWA,2001,0.0
BWA,2002,0.0
BWA,2003,0.0
BWA,2004,0.0
BWA,2005,0.0
BWA,2006,0.0
BWA,2007,0.0
BWA,2008,0.0
BWA,2009,0.0
BWA,2010,0.0
BWA,2011,0.0
BWA,2012,0.0
BWA,2013,0.0
BWA,2014,0.0
BWA,2015,0.0
BWA,2016,0.0
BWA,2017,0.0
BWA,2018,0.34
BWA,2019,0.33
BWA,2020,0.49
BWA,2021,0.46
BRA,2000,0.0
BRA,2001,0.0
BRA,2002,0.0
BRA,2003,0.0
BRA,2004,0.0
BRA,2005,0.0
BRA,2006,0.0
BRA,2007,0.0
BRA,2008,0.0
BRA,2009,0.0
BRA,2010,0.0
BRA,2011,0.0
BRA,2012,0.0
BRA,2013,0.0
BRA,2014,0.0
BRA,2015,0.01
BRA,2016,0.01
BRA,2017,0.14
BRA,2018,0.58
BRA,2019,1.07
BRA,2020,1.73
BRA,2021,2.53
BRN,2000,0.0
BRN,2001,0.0
BRN,2002,0.0
BRN,2003,0.0
BRN,2004,0.0
BRN,2005,0.0
BRN,2006,0.0
BRN,2007,0.0
BRN,2008,0.0
BRN,2009,0.0
BRN,2010,0.0
BRN,2011,0.0
BRN,2012,0.0
BRN,2013,0.0
BRN,2014,0.0
BRN,2015,0.0
BRN,2016,0.0
BRN,2017,0.0
BRN,2018,0.0
BRN,2019,0.0
BRN,2020,0.0
BRN,2021,0.0
BGR,2000,0.0
BGR,2001,0.0
BGR,2002,0.0
BGR,2003,0.0
BGR,2004,0.0
BGR,2005,0.0
BGR,2006,0.0
BGR,2007,0.0
BGR,2008,0.0
BGR,2009,0.0
BGR,2010,0.02
BGR,2011,0.2
BGR,2012,1.74
BGR,2013,3.16
BGR,2014,2.66
BGR,2015,2.83
BGR,2016,3.12
BGR,2017,3.12
BGR,2018,2.88
BGR,2019,3.29
BGR,2020,3.68
BGR,2021,3.13
BFA,2000,0.0
BFA,2001,0.0
BFA,2002,0.0
BFA,2003,0.0
BFA,2004,0.0
BFA,2005,0.0
BFA,2006,0.0
BFA,2007,0.0
BFA,2008,0.0
BFA,2009,0.0
BFA,2010,1.56
BFA,2011,1.45
BFA,2012,1.15
BFA,2013,1.01
BFA,2014,0.89
BFA,2015,0.7
BFA,2016,1.29
BFA,2017,1.83
BFA,2018,6.06
BFA,2019,5.81
BFA,2020,6.1
BFA,2021,6.86
BDI,2000,0.0
BDI,2001,0.0
BDI,2002,0.0
BDI,2003,0.0
BDI,2004,0.0
BDI,2005,0.0
BDI,2006,0.0
BDI,2007,0.0
BDI,2008,0.0
BDI,2009,0.0
BDI,2010,0.0
BDI,2011,0.0
BDI,2012,0.0
BDI,2013,0.0
BDI,2014,0.0
BDI,2015,0.0
BDI,2016,5.26
BDI,2017,3.45
BDI,2018,3.7
BDI,2019,2.78
BDI,2020,2.86
BDI,2021,2.78
CPV,2000,0.0
CPV,2001,0.0
CPV,2002,0.0
CPV,2003,0.0
CPV,2004,0.0
CPV,2005,0.0
CPV,2006,0.0
CPV,2007,0.0
CPV,2008,0.0
CPV,2009,0.0
CPV,2010,0.0
CPV,2011,2.86
CPV,2012,2.78
CPV,2013,2.56
CPV,2014,2.44
CPV,2015,2.44
CPV,2016,2.33
CPV,2017,2.17
CPV,2018,2.17
CPV,2019,2.17
CPV,2020,2.33
CPV,2021,2.22
KHM,2000,0.0
KHM,2001,0.0
KHM,2002,0.0
KHM,2003,0.0
KHM,2004,0.0
KHM,2005,0.0
KHM,2006,0.0
KHM,2007,0.0
KHM,2008,0.0
KHM,2009,0.0
KHM,2010,0.0
KHM,2011,0.0
KHM,2012,0.72
KHM,2013,0.58
KHM,2014,0.34
KHM,2015,0.47
KHM,2016,0.55
KHM,2017,0.44
KHM,2018,0.5
KHM,2019,1.42
KHM,2020,3.67
KHM,2021,4.26
CMR,2000,0.0
CMR,2001,0.0
CMR,2002,0.0
CMR,2003,0.0
CMR,2004,0.0
CMR,2005,0.0
CMR,2006,0.0
CMR,2007,0.0
CMR,2008,0.0
CMR,2009,0.0
CMR,2010,0.0
CMR,2011,0.0
CMR,2012,0.0
CMR,2013,0.0
CMR,2014,0.15
CMR,2015,0.13
CMR,2016,0.14
CMR,2017,0.26
CMR,2018,0.24
CMR,2019,0.24
CMR,2020,0.24
CMR,2021,0.25
CAN,2000,0.0
CAN,2001,0.0
CAN,2002,0.0
CAN,2003,0.0
CAN,2004,0.0
CAN,2005,0.0
CAN,2006,0.0
CAN,2007,0.0
CAN,2008,0.01
CAN,2009,0.02
CAN,2010,0.04
CAN,2011,0.09
CAN,2012,0.14
CAN,2013,0.23
CAN,2014,0.33
CAN,2015,0.45
CAN,2016,0.62
CAN,2017,0.55
CAN,2018,0.59
CAN,2019,0.64
CAN,2020,0.68
CAN,2021,0.82
CYM,2000,0.0
CYM,2001,0.0
CYM,2002,0.0
CYM,2003,0.0
CYM,2004,0.0
CYM,2005,0.0
CYM,2006,0.0
CYM,2007,0.0
CYM,2008,0.0
CYM,2009,0.0
CYM,2010,0.0
CYM,2011,0.0
CYM,2012,0.0
CYM,2013,0.0
CYM,2014,0.0
CYM,2015,0.0
CYM,2016,0.0
CYM,2017,1.52
CYM,2018,1.54
CYM,2019,2.86
CYM,2020,2.9
CYM,2021,2.74
CAF,2000,0.0
CAF,2001,0.0
CAF,2002,0.0
CAF,2003,0.0
CAF,2004,0.0
CAF,2005,0.0
CAF,2006,0.0
CAF,2007,0.0
CAF,2008,0.0
CAF,2009,0.0
CAF,2010,0.0
CAF,2011,0.0
CAF,2012,0.0
CAF,2013,0.0
CAF,2014,0.0
CAF,2015,0.0
CAF,2016,0.0
CAF,2017,0.0
CAF,2018,0.0
CAF,2019,0.0
CAF,2020,0.0
CAF,2021,0.0
TCD,2000,0.0
TCD,2001,0.0
TCD,2002,0.0
TCD,2003,0.0
TCD,2004,0.0
TCD,2005,0.0
TCD,2006,0.0
TCD,2007,0.0
TCD,2008,0.0
TCD,2009,0.0
TCD,2010,0.0
TCD,2011,0.0
TCD,2012,0.0
TCD,2013,0.0
TCD,2014,0.0
TCD,2015,0.0
TCD,2016,0.0
TCD,2017,0.0
TCD,2018,0.0
TCD,2019,0.0
TCD,2020,0.0
TCD,2021,0.0
CHL,2000,0.0
CHL,2001,0.0
CHL,2002,0.0
CHL,2003,0.0
CHL,2004,0.0
CHL,2005,0.0
CHL,2006,0.0
CHL,2007,0.0
CHL,2008,0.0
CHL,2009,0.0
CHL,2010,0.0
CHL,2011,0.0
CHL,2012,0.0
CHL,2013,0.01
CHL,2014,0.66
CHL,2015,1.91
CHL,2016,3.49
CHL,2017,5.25
CHL,2018,7.1
CHL,2019,8.24
CHL,2020,9.83
CHL,2021,13.24
CHN,2000,0.0
CHN,2001,0.0
CHN,2002,0.0
CHN,2003,0.0
CHN,2004,0.0
CHN,2005,0.0
CHN,2006,0.0
CHN,2007,0.0
CHN,2008,0.0
CHN,2009,0.01
CHN,2010,0.02
CHN,2011,0.06
CHN,2012,0.07
CHN,2013,0.15
CHN,2014,0.41
CHN,2015,0.68
CHN,2016,1.09
CHN,2017,1.8
CHN,2018,2.48
CHN,2019,3.0
CHN,2020,3.38
CHN,2021,3.85
COL,2000,0.02
COL,2001,0.02
COL,2002,0.02
COL,2003,0.02
COL,2004,0.02
COL,2005,0.02
COL,2006,0.02
COL,2007,0.02
COL,2008,0.02
COL,2009,0.02
COL,2010,0.02
COL,2011,0.02
COL,2012,0.02
COL,2013,0.01
COL,2014,0.01
COL,2015,0.01
COL,2016,0.01
COL,2017,0.01
COL,2018,0.03
COL,2019,0.17
COL,2020,0.25
COL,2021,0.4
COM,2000,0.0
COM,2001,0.0
COM,2002,0.0
COM,2003,0.0
COM,2004,0.0
COM,2005,0.0
COM,2006,0.0
COM,2007,0.0
COM,2008,0.0
COM,2009,0.0
COM,2010,0.0
COM,2011,0.0
COM,2012,0.0
COM,2013,0.0
COM,2014,0.0
COM,2015,0.0
COM,2016,0.0
COM,2017,0.0
COM,2018,0.0
COM,2019,0.0
COM,2020,0.0
COM,2021,0.0
COD,2000,0.0
COD,2001,0.0
COD,2002,0.0
COD,2003,0.0
COD,2004,0.0
COD,2005,0.0
COD,2006,0.0
COD,2007,0.0
COD,2008,0.0
COD,2009,0.0
COD,2010,0.0
COD,2011,0.0
COD,2012,0.0
COD,2013,0.0
COD,2014,0.0
COD,2015,0.0
COD,2016,0.0
COD,2017,0.11
COD,2018,0.1
COD,2019,0.09
COD,2020,0.08
COD,2021,0.09
COG,2000,0.0
COG,2001,0.0
COG,2002,0.0
COG,2003,0.0
COG,2004,0.0
COG,2005,0.0
COG,2006,0.0
COG,2007,0.0
COG,2008,0.0
COG,2009,0.0
COG,2010,0.0
COG,2011,0.0
COG,2012,0.0
COG,2013,0.0
COG,2014,0.0
COG,2015,0.0
COG,2016,0.0
COG,2017,0.0
COG,2018,0.0
COG,2019,0.0
COG,2020,0.0
COG,2021,0.0
COK,2000,0.0
COK,2001,0.0
COK,2002,0.0
COK,2003,0.0
COK,2004,0.0
COK,2005,0.0
COK,2006,0.0
COK,2007,0.0
COK,2008,0.0
COK,2009,0.0
COK,2010,0.0
COK,2011,0.0
COK,2012,0.0
COK,2013,0.0
COK,2014,0.0
COK,2015,0.0
COK,2016,0.0
COK,2017,25.0
COK,2018,40.0
COK,2019,25.0
COK,2020,25.0
COK,2021,40.0
CRI,2000,0.0
CRI,2001,0.0
CRI,2002,0.0
CRI,2003,0.0
CRI,2004,0.0
CRI,2005,0.0
CRI,2006,0.0
CRI,2007,0.0
CRI,2008,0.0
CRI,2009,0.0
CRI,2010,0.0
CRI,2011,0.0
CRI,2012,0.1
CRI,2013,0.2
CRI,2014,0.2
CRI,2015,0.28
CRI,2016,0.28
CRI,2017,0.35
CRI,2018,0.52
CRI,2019,0.7
CRI,2020,0.68
CRI,2021,0.47
CIV,2000,0.0
CIV,2001,0.0
CIV,2002,0.0
CIV,2003,0.0
CIV,2004,0.0
CIV,2005,0.0
CIV,2006,0.0
CIV,2007,0.0
CIV,2008,0.0
CIV,2009,0.0
CIV,2010,0.0
CIV,2011,0.0
CIV,2012,0.0
CIV,2013,0.0
CIV,2014,0.0
CIV,2015,0.0
CIV,2016,0.0
CIV,2017,0.1
CIV,2018,0.1
CIV,2019,0.1
CIV,2020,0.09
CIV,2021,0.09
HRV,2000,0.0
HRV,2001,0.0
HRV,2002,0.0
HRV,2003,0.0
HRV,2004,0.0
HRV,2005,0.0
HRV,2006,0.0
HRV,2007,0.0
HRV,2008,0.0
HRV,2009,0.0
HRV,2010,0.0
HRV,2011,0.0
HRV,2012,0.0
HRV,2013,0.07
HRV,2014,0.3
HRV,2015,0.53
HRV,2016,0.55
HRV,2017,0.68
HRV,2018,0.52
HRV,2019,0.63
HRV,2020,0.76
HRV,2021,0.66
CUB,2000,0.0
CUB,2001,0.0
CUB,2002,0.0
CUB,2003,0.0
CUB,2004,0.0
CUB,2005,0.0
CUB,2006,0.0
CUB,2007,0.0
CUB,2008,0.0
CUB,2009,0.0
CUB,2010,0.0
CUB,2011,0.0
CUB,2012,0.06
CUB,2013,0.61
CUB,2014,0.49
CUB,2015,0.68
CUB,2016,0.72
CUB,2017,0.41
CUB,2018,0.81
CUB,2019,1.18
CUB,2020,1.29
CUB,2021,1.32
CYP,2000,0.0
CYP,2001,0.0
CYP,2002,0.0
CYP,2003,0.0
CYP,2004,0.0
CYP,2005,0.0
CYP,2006,0.0
CYP,2007,0.0
CYP,2008,0.0
CYP,2009,0.0
CYP,2010,0.19
CYP,2011,0.2
CYP,2012,0.42
CYP,2013,1.17
CYP,2014,1.84
CYP,2015,2.86
CYP,2016,3.07
CYP,2017,3.4
CYP,2018,3.95
CYP,2019,4.27
CYP,2020,6.19
CYP,2021,8.93
CZE,2000,0.0
CZE,2001,0.0
CZE,2002,0.0
CZE,2003,0.0
CZE,2004,0.0
CZE,2005,0.0
CZE,2006,0.0
CZE,2007,0.0
CZE,2008,0.01
CZE,2009,0.11
CZE,2010,0.73
CZE,2011,2.52
CZE,2012,2.48
CZE,2013,2.36
CZE,2014,2.49
CZE,2015,2.74
CZE,2016,2.6
CZE,2017,2.55
CZE,2018,2.72
CZE,2019,2.69
CZE,2020,2.86
CZE,2021,2.78
DNK,2000,0.0
DNK,2001,0.0
DNK,2002,0.0
DNK,2003,0.0
DNK,2004,0.0
DNK,2005,0.0
DNK,2006,0.0
DNK,2007,0.0
DNK,2008,0.0
DNK,2009,0.0
DNK,2010,0.03
DNK,2011,0.03
DNK,2012,0.33
DNK,2013,1.5
DNK,2014,1.86
DNK,2015,2.07
DNK,2016,2.42
DNK,2017,2.42
DNK,2018,3.13
DNK,2019,3.25
DNK,2020,4.11
DNK,2021,4.01
DJI,2000,0.0
DJI,2001,0.0
DJI,2002,0.0
DJI,2003,0.0
DJI,2004,0.0
DJI,2005,0.0
DJI,2006,0.0
DJI,2007,0.0
DJI,2008,0.0
DJI,2009,0.0
DJI,2010,0.0
DJI,2011,0.0
DJI,2012,0.0
DJI,2013,0.0
DJI,2014,0.0
DJI,2015,0.0
DJI,2016,0.0
DJI,2017,0.0
DJI,2018,0.0
DJI,2019,0.0
DJI,2020,0.0
DJI,2021,0.0
DMA,2000,0.0
DMA,2001,0.0
DMA,2002,0.0
DMA,2003,0.0
DMA,2004,0.0
DMA,2005,0.0
DMA,2006,0.0
DMA,2007,0.0
DMA,2008,0.0
DMA,2009,0.0
DMA,2010,0.0
DMA,2011,0.0
DMA,2012,0.0
DMA,2013,0.0
DMA,2014,0.0
DMA,2015,0.0
DMA,2016,0.0
DMA,2017,0.0
DMA,2018,0.0
DMA,2019,0.0
DMA,2020,0.0
DMA,2021,0.0
DOM,2000,0.0
DOM,2001,0.0
DOM,2002,0.0
DOM,2003,0.0
DOM,2004,0.0
DOM,2005,0.0
DOM,2006,0.0
DOM,2007,0.0
DOM,2008,0.0
DOM,2009,0.0
DOM,2010,0.0
DOM,2011,0.0
DOM,2012,0.0
DOM,2013,0.06
DOM,2014,0.12
DOM,2015,0.18
DOM,2016,0.43
DOM,2017,0.74
DOM,2018,1.17
DOM,2019,1.87
DOM,2020,2.58
DOM,2021,3.01
ECU,2000,0.0
ECU,2001,0.0
ECU,2002,0.0
ECU,2003,0.0
ECU,2004,0.0
ECU,2005,0.0
ECU,2006,0.0
ECU,2007,0.0
ECU,2008,0.0
ECU,2009,0.0
ECU,2010,0.0
ECU,2011,0.0
ECU,2012,0.0
ECU,2013,0.0
ECU,2014,0.09
ECU,2015,0.16
ECU,2016,0.15
ECU,2017,0.14
ECU,2018,0.14
ECU,2019,0.12
ECU,2020,0.13
ECU,2021,0.12
EGY,2000,0.0
EGY,2001,0.0
EGY,2002,0.0
EGY,2003,0.0
EGY,2004,0.0
EGY,2005,0.0
EGY,2006,0.0
EGY,2007,0.0
EGY,2008,0.0
EGY,2009,0.0
EGY,2010,0.13
EGY,2011,0.14
EGY,2012,0.15
EGY,2013,0.07
EGY,2014,0.14
EGY,2015,0.09
EGY,2016,0.31
EGY,2017,0.3
EGY,2018,0.76
EGY,2019,2.28
EGY,2020,2.38
EGY,2021,2.37
SLV,2000,0.0
SLV,2001,0.0
SLV,2002,0.0
SLV,2003,0.0
SLV,2004,0.0
SLV,2005,0.0
SLV,2006,0.0
SLV,2007,0.0
SLV,2008,0.0
SLV,2009,0.0
SLV,2010,0.0
SLV,2011,0.0
SLV,2012,0.0
SLV,2013,0.16
SLV,2014,0.32
SLV,2015,0.5
SLV,2016,0.66
SLV,2017,3.46
SLV,2018,5.82
SLV,2019,8.35
SLV,2020,14.54
SLV,2021,16.92
GNQ,2000,0.0
GNQ,2001,0.0
GNQ,2002,0.0
GNQ,2003,0.0
GNQ,2004,0.0
GNQ,2005,0.0
GNQ,2006,0.0
GNQ,2007,0.0
GNQ,2008,0.0
GNQ,2009,0.0
GNQ,2010,0.0
GNQ,2011,0.0
GNQ,2012,0.0
GNQ,2013,0.0
GNQ,2014,0.0
GNQ,2015,0.0
GNQ,2016,0.0
GNQ,2017,0.0
GNQ,2018,0.0
GNQ,2019,0.0
GNQ,2020,0.0
GNQ,2021,0.0
ERI,2000,0.0
ERI,2001,0.0
ERI,2002,0.0
ERI,2003,0.0
ERI,2004,0.0
ERI,2005,0.0
ERI,2006,0.0
ERI,2007,0.0
ERI,2008,0.0
ERI,2009,0.0
ERI,2010,0.0
ERI,2011,0.0
ERI,2012,0.0
ERI,2013,0.0
ERI,2014,0.0
ERI,2015,0.0
ERI,2016,0.0
ERI,2017,2.44
ERI,2018,2.33
ERI,2019,2.27
ERI,2020,2.38
ERI,2021,2.22
EST,2000,0.0
EST,2001,0.0
EST,2002,0.0
EST,2003,0.0
EST,2004,0.0
EST,2005,0.0
EST,2006,0.0
EST,2007,0.0
EST,2008,0.0
EST,2009,0.0
EST,2010,0.0
EST,2011,0.0
EST,2012,0.0
EST,2013,0.0
EST,2014,0.0
EST,2015,0.0
EST,2016,0.08
EST,2017,0.08
EST,2018,0.24
EST,2019,0.92
EST,2020,2.02
EST,2021,4.18
SWZ,2000,0.0
SWZ,2001,0.0
SWZ,2002,0.0
SWZ,2003,0.0
SWZ,2004,0.0
SWZ,2005,0.0
SWZ,2006,0.0
SWZ,2007,0.0
SWZ,2008,0.0
SWZ,2009,0.0
SWZ,2010,0.0
SWZ,2011,0.0
SWZ,2012,0.0
SWZ,2013,0.0
SWZ,2014,0.0
SWZ,2015,0.0
SWZ,2016,0.0
SWZ,2017,0.0
SWZ,2018,0.0
SWZ,2019,0.0
SWZ,2020,0.0
SWZ,2021,0.0
ETH,2000,0.0
ETH,2001,0.0
ETH,2002,0.0
ETH,2003,0.0
ETH,2004,0.0
ETH,2005,0.0
ETH,2006,0.0
ETH,2007,0.0
ETH,2008,0.0
ETH,2009,0.0
ETH,2010,0.0
ETH,2011,0.0
ETH,2012,0.0
ETH,2013,0.12
ETH,2014,0.21
ETH,2015,0.19
ETH,2016,0.16
ETH,2017,0.15
ETH,2018,0.15
ETH,2019,0.14
ETH,2020,0.21
ETH,2021,0.27
FLK,2000,0.0
FLK,2001,0.0
FLK,2002,0.0
FLK,2003,0.0
FLK,2004,0.0
FLK,2005,0.0
FLK,2006,0.0
FLK,2007,0.0
FLK,2008,0.0
FLK,2009,0.0
FLK,2010,0.0
FLK,2011,0.0
FLK,2012,0.0
FLK,2013,0.0
FLK,2014,0.0
FLK,2015,0.0
FLK,2016,0.0
FLK,2017,0.0
FLK,2018,0.0
FLK,2019,0.0
FLK,2020,0.0
FLK,2021,0.0
FRO,2000,0.0
FRO,2001,0.0
FRO,2002,0.0
FRO,2003,0.0
FRO,2004,0.0
FRO,2005,0.0
FRO,2006,0.0
FRO,2007,0.0
FRO,2008,0.0
FRO,2009,0.0
FRO,2010,0.0
FRO,2011,0.0
FRO,2012,0.0
FRO,2013,0.0
FRO,2014,0.0
FRO,2015,0.0
FRO,2016,0.0
FRO,2017,0.0
FRO,2018,0.0
FRO,2019,0.0
FRO,2020,0.0
FRO,2021,0.0
FJI,2000,0.0
FJI,2001,0.0
FJI,2002,0.0
FJI,2003,0.0
FJI,2004,0.0
FJI,2005,0.0
FJI,2006,0.0
FJI,2007,0.0
FJI,2008,0.0
FJI,2009,0.0
FJI,2010,0.0
FJI,2011,0.0
FJI,2012,0.0
FJI,2013,0.0
FJI,2014,0.0
FJI,2015,0.0
FJI,2016,1.04
FJI,2017,0.95
FJI,2018,0.92
FJI,2019,0.88
FJI,2020,0.91
FJI,2021,0.88
FIN,2000,0.0
FIN,2001,0.0
FIN,2002,0.0
FIN,2003,0.0
FIN,2004,0.0
FIN,2005,0.0
FIN,2006,0.0
FIN,2007,0.0
FIN,2008,0.0
FIN,2009,0.0
FIN,2010,0.0
FIN,2011,0.01
FIN,2012,0.01
FIN,2013,0.01
FIN,2014,0.01
FIN,2015,0.01
FIN,2016,0.03
FIN,2017,0.07
FIN,2018,0.13
FIN,2019,0.22
FIN,2020,0.32
FIN,2021,0.39
FRA,2000,0.0
FRA,2001,0.0
FRA,2002,0.0
FRA,2003,0.0
FRA,2004,0.0
FRA,2005,0.0
FRA,2006,0.0
FRA,2007,0.0
FRA,2008,0.01
FRA,2009,0.03
FRA,2010,0.11
FRA,2011,0.41
FRA,2012,0.78
FRA,2013,0.9
FRA,2014,1.13
FRA,2015,1.35
FRA,2016,1.55
FRA,2017,1.72
FRA,2018,1.89
FRA,2019,2.16
FRA,2020,2.54
FRA,2021,2.67
GUF,2000,0.0
GUF,2001,0.0
GUF,2002,0.0
GUF,2003,0.0
GUF,2004,0.0
GUF,2005,0.0
GUF,2006,0.0
GUF,2007,0.0
GUF,2008,0.0
GUF,2009,0.0
GUF,2010,0.0
GUF,2011,3.77
PYF,2000,0.0
PYF,2001,0.0
PYF,2002,0.0
PYF,2003,0.0
PYF,2004,0.0
PYF,2005,0.0
PYF,2006,0.0
PYF,2007,0.0
PYF,2008,0.0
PYF,2009,0.0
PYF,2010,0.0
PYF,2011,1.54
PYF,2012,1.56
PYF,2013,3.39
PYF,2014,5.17
PYF,2015,5.17
PYF,2016,5.17
PYF,2017,6.67
PYF,2018,6.9
PYF,2019,5.88
PYF,2020,6.06
PYF,2021,7.14
GAB,2000,0.0
GAB,2001,0.0
GAB,2002,0.0
GAB,2003,0.0
GAB,2004,0.0
GAB,2005,0.0
GAB,2006,0.0
GAB,2007,0.0
GAB,2008,0.0
GAB,2009,0.0
GAB,2010,0.0
GAB,2011,0.0
GAB,2012,0.0
GAB,2013,0.0
GAB,2014,0.0
GAB,2015,0.0
GAB,2016,0.0
GAB,2017,0.0
GAB,2018,0.0
GAB,2019,0.0
GAB,2020,0.0
GAB,2021,0.0
GMB,2000,0.0
GMB,2001,0.0
GMB,2002,0.0
GMB,2003,0.0
GMB,2004,0.0
GMB,2005,0.0
GMB,2006,0.0
GMB,2007,0.0
GMB,2008,0.0
GMB,2009,0.0
GMB,2010,0.0
GMB,2011,0.0
GMB,2012,0.0
GMB,2013,0.0
GMB,2014,0.0
GMB,2015,0.0
GMB,2016,0.0
GMB,2017,0.0
GMB,2018,0.0
GMB,2019,0.0
GMB,2020,0.0
GMB,2021,0.0
GEO,2000,0.0
GEO,2001,0.0
GEO,2002,0.0
GEO,2003,0.0
GEO,2004,0.0
GEO,2005,0.0
GEO,2006,0.0
GEO,2007,0.0
GEO,2008,0.0
GEO,2009,0.0
GEO,2010,0.0
GEO,2011,0.0
GEO,2012,0.0
GEO,2013,0.0
GEO,2014,0.0
GEO,2015,0.0
GEO,2016,0.0
GEO,2017,0.0
GEO,2018,0.0
GEO,2019,0.0
GEO,2020,0.0
GEO,2021,0.0
DEU,2000,0.01
DEU,2001,0.02
DEU,2002,0.03
DEU,2003,0.05
DEU,2004,0.09
DEU,2005,0.21
DEU,2006,0.35
DEU,2007,0.49
DEU,2008,0.7
DEU,2009,1.12
DEU,2010,1.88
DEU,2011,3.24
DEU,2012,4.25
DEU,2013,4.91
DEU,2014,5.82
DEU,2015,6.05
DEU,2016,5.93
DEU,2017,6.1
DEU,2018,6.87
DEU,2019,7.4
DEU,2020,8.62
DEU,2021,8.55
GHA,2000,0.0
GHA,2001,0.0
GHA,2002,0.0
GHA,2003,0.0
GHA,2004,0.0
GHA,2005,0.0
GHA,2006,0.0
GHA,2007,0.0
GHA,2008,0.0
GHA,2009,0.0
GHA,2010,0.0
GHA,2011,0.0
GHA,2012,0.0
GHA,2013,0.0
GHA,2014,0.0
GHA,2015,0.0
GHA,2016,0.26
GHA,2017,0.23
GHA,2018,0.21
GHA,2019,0.3
GHA,2020,0.3
GHA,2021,0.29
GIB,2000,
GIB,2001,
GIB,2002,
GIB,2003,
GIB,2004,
GIB,2005,
GIB,2006,
GIB,2007,
GIB,2008,
GIB,2009,
GIB,2010,
GIB,2011,
GIB,2012,
GIB,2013,
GIB,2014,
GIB,2015,
GIB,2016,
GIB,2017,
GIB,2018,
GIB,2019,
GIB,2020,
GIB,2021,
GRC,2000,0.0
GRC,2001,0.0
GRC,2002,0.0
GRC,2003,0.0
GRC,2004,0.0
GRC,2005,0.0
GRC,2006,0.0
GRC,2007,0.0
GRC,2008,0.02
GRC,2009,0.08
GRC,2010,0.28
GRC,2011,1.03
GRC,2012,2.78
GRC,2013,6.39
GRC,2014,7.53
GRC,2015,7.52
GRC,2016,7.22
GRC,2017,7.23
GRC,2018,7.12
GRC,2019,9.12
GRC,2020,9.24
GRC,2021,8.89
GRL,2000,0.0
GRL,2001,0.0
GRL,2002,0.0
GRL,2003,0.0
GRL,2004,0.0
GRL,2005,0.0
GRL,2006,0.0
GRL,2007,0.0
GRL,2008,0.0
GRL,2009,0.0
GRL,2010,0.0
GRL,2011,0.0
GRL,2012,0.0
GRL,2013,0.0
GRL,2014,0.0
GRL,2015,0.0
GRL,2016,0.0
GRL,2017,0.0
GRL,2018,0.0
GRL,2019,0.0
GRL,2020,0.0
GRL,2021,0.0
GRD,2000,0.0
GRD,2001,0.0
GRD,2002,0.0
GRD,2003,0.0
GRD,2004,0.0
GRD,2005,0.0
GRD,2006,0.0
GRD,2007,0.0
GRD,2008,0.0
GRD,2009,0.0
GRD,2010,0.0
GRD,2011,0.0
GRD,2012,0.0
GRD,2013,0.0
GRD,2014,0.0
GRD,2015,0.0
GRD,2016,0.0
GRD,2017,0.0
GRD,2018,0.0
GRD,2019,0.0
GRD,2020,0.0
GRD,2021,0.0
GLP,2000,0.0
GLP,2001,0.0
GLP,2002,0.0
GLP,2003,0.0
GLP,2004,0.0
GLP,2005,0.0
GLP,2006,0.0
GLP,2007,0.0
GLP,2008,0.0
GLP,2009,0.0
GLP,2010,1.19
GLP,2011,1.76
GUM,2000,0.0
GUM,2001,0.0
GUM,2002,0.0
GUM,2003,0.0
GUM,2004,0.0
GUM,2005,0.0
GUM,2006,0.0
GUM,2007,0.0
GUM,2008,0.0
GUM,2009,0.0
GUM,2010,0.0
GUM,2011,0.0
GUM,2012,0.0
GUM,2013,0.0
GUM,2014,0.0
GUM,2015,1.82
GUM,2016,4.05
GUM,2017,3.41
GUM,2018,4.05
GUM,2019,3.95
GUM,2020,4.12
GUM,2021,4.4
GTM,2000,0.0
GTM,2001,0.0
GTM,2002,0.0
GTM,2003,0.0
GTM,2004,0.0
GTM,2005,0.0
GTM,2006,0.0
GTM,2007,0.0
GTM,2008,0.0
GTM,2009,0.0
GTM,2010,0.0
GTM,2011,0.0
GTM,2012,0.0
GTM,2013,0.0
GTM,2014,0.09
GTM,2015,1.4
GTM,2016,1.58
GTM,2017,1.58
GTM,2018,1.42
GTM,2019,1.67
GTM,2020,1.64
GTM,2021,1.59
GIN,2000,0.0
GIN,2001,0.0
GIN,2002,0.0
GIN,2003,0.0
GIN,2004,0.0
GIN,2005,0.0
GIN,2006,0.0
GIN,2007,0.0
GIN,2008,0.0
GIN,2009,0.0
GIN,2010,0.0
GIN,2011,0.0
GIN,2012,0.0
GIN,2013,0.0
GIN,2014,0.0
GIN,2015,1.75
GIN,2016,1.24
GIN,2017,1.13
GIN,2018,1.34
GIN,2019,0.97
GIN,2020,0.63
GIN,2021,0.72
GNB,2000,0.0
GNB,2001,0.0
GNB,2002,0.0
GNB,2003,0.0
GNB,2004,0.0
GNB,2005,0.0
GNB,2006,0.0
GNB,2007,0.0
GNB,2008,0.0
GNB,2009,0.0
GNB,2010,0.0
GNB,2011,0.0
GNB,2012,0.0
GNB,2013,0.0
GNB,2014,0.0
GNB,2015,0.0
GNB,2016,0.0
GNB,2017,0.0
GNB,2018,0.0
GNB,2019,0.0
GNB,2020,0.0
GNB,2021,0.0
GUY,2000,0.0
GUY,2001,0.0
GUY,2002,0.0
GUY,2003,0.0
GUY,2004,0.0
GUY,2005,0.0
GUY,2006,0.0
GUY,2007,0.0
GUY,2008,0.0
GUY,2009,0.0
GUY,2010,0.0
GUY,2011,0.0
GUY,2012,0.0
GUY,2013,0.0
GUY,2014,0.0
GUY,2015,0.0
GUY,2016,0.0
GUY,2017,0.0
GUY,2018,0.86
GUY,2019,0.82
GUY,2020,0.86
GUY,2021,0.81
HTI,2000,0.0
HTI,2001,0.0
HTI,2002,0.0
HTI,2003,0.0
HTI,2004,0.0
HTI,2005,0.0
HTI,2006,0.0
HTI,2007,0.0
HTI,2008,0.0
HTI,2009,0.0
HTI,2010,0.0
HTI,2011,0.0
HTI,2012,0.0
HTI,2013,0.0
HTI,2014,0.0
HTI,2015,0.0
HTI,2016,0.0
HTI,2017,0.0
HTI,2018,0.0
HTI,2019,0.0
HTI,2020,0.0
HTI,2021,0.0
HND,2000,0.0
HND,2001,0.0
HND,2002,0.0
HND,2003,0.0
HND,2004,0.0
HND,2005,0.0
HND,2006,0.0
HND,2007,0.0
HND,2008,0.0
HND,2009,0.0
HND,2010,0.0
HND,2011,0.0
HND,2012,0.13
HND,2013,0.13
HND,2014,0.12
HND,2015,4.58
HND,2016,9.31
HND,2017,9.69
HND,2018,10.1
HND,2019,10.07
HND,2020,9.28
HND,2021,10.69
HKG,2000,0.0
HKG,2001,0.0
HKG,2002,0.0
HKG,2003,0.0
HKG,2004,0.0
HKG,2005,0.0
HKG,2006,0.0
HKG,2007,0.0
HKG,2008,0.0
HKG,2009,0.0
HKG,2010,0.0
HKG,2011,0.0
HKG,2012,0.0
HKG,2013,0.0
HKG,2014,0.0
HKG,2015,0.0
HKG,2016,0.0
HKG,2017,0.03
HKG,2018,0.03
HKG,2019,0.06
HKG,2020,0.06
HKG,2021,0.06
HUN,2000,0.0
HUN,2001,0.0
HUN,2002,0.0
HUN,2003,0.0
HUN,2004,0.0
HUN,2005,0.0
HUN,2006,0.0
HUN,2007,0.0
HUN,2008,0.0
HUN,2009,0.0
HUN,2010,0.0
HUN,2011,0.0
HUN,2012,0.03
HUN,2013,0.07
HUN,2014,0.24
HUN,2015,0.46
HUN,2016,0.75
HUN,2017,1.07
HUN,2018,1.97
HUN,2019,4.39
HUN,2020,7.07
HUN,2021,9.18
ISL,2000,0.0
ISL,2001,0.0
ISL,2002,0.0
ISL,2003,0.0
ISL,2004,0.0
ISL,2005,0.0
ISL,2006,0.0
ISL,2007,0.0
ISL,2008,0.0
ISL,2009,0.0
ISL,2010,0.0
ISL,2011,0.0
ISL,2012,0.0
ISL,2013,0.0
ISL,2014,0.0
ISL,2015,0.0
ISL,2016,0.0
ISL,2017,0.0
ISL,2018,0.0
ISL,2019,0.0
ISL,2020,0.0
IND,2000,0.0
IND,2001,0.0
IND,2002,0.0
IND,2003,0.0
IND,2004,0.0
IND,2005,0.0
IND,2006,0.0
IND,2007,0.01
IND,2008,0.01
IND,2009,0.01
IND,2010,0.01
IND,2011,0.08
IND,2012,0.19
IND,2013,0.3
IND,2014,0.39
IND,2015,0.5
IND,2016,0.82
IND,2017,1.46
IND,2018,2.3
IND,2019,2.85
IND,2020,3.76
IND,2021,3.99
IDN,2000,0.0
IDN,2001,0.0
IDN,2002,0.0
IDN,2003,0.0
IDN,2004,0.0
IDN,2005,0.0
IDN,2006,0.0
IDN,2007,0.0
IDN,2008,0.0
IDN,2009,0.0
IDN,2010,0.0
IDN,2011,0.0
IDN,2012,0.0
IDN,2013,0.0
IDN,2014,0.0
IDN,2015,0.0
IDN,2016,0.01
IDN,2017,0.01
IDN,2018,0.03
IDN,2019,0.04
IDN,2020,0.02
IDN,2021,0.06
IRN,2000,0.0
IRN,2001,0.0
IRN,2002,0.0
IRN,2003,0.0
IRN,2004,0.0
IRN,2005,0.0
IRN,2006,0.0
IRN,2007,0.0
IRN,2008,0.0
IRN,2009,0.0
IRN,2010,0.0
IRN,2011,0.0
IRN,2012,0.0
IRN,2013,0.0
IRN,2014,0.0
IRN,2015,0.0
IRN,2016,0.0
IRN,2017,0.03
IRN,2018,0.11
IRN,2019,0.13
IRN,2020,0.16
IRN,2021,0.18
IRQ,2000,0.0
IRQ,2001,0.0
IRQ,2002,0.0
IRQ,2003,0.0
IRQ,2004,0.0
IRQ,2005,0.0
IRQ,2006,0.0
IRQ,2007,0.0
IRQ,2008,0.0
IRQ,2009,0.0
IRQ,2010,0.0
IRQ,2011,0.0
IRQ,2012,0.0
IRQ,2013,0.09
IRQ,2014,0.09
IRQ,2015,0.09
IRQ,2016,0.08
IRQ,2017,0.07
IRQ,2018,0.46
IRQ,2019,0.43
IRQ,2020,0.41
IRQ,2021,0.39
IRL,2000,0.0
IRL,2001,0.0
IRL,2002,0.0
IRL,2003,0.0
IRL,2004,0.0
IRL,2005,0.0
IRL,2006,0.0
IRL,2007,0.0
IRL,2008,0.0
IRL,2009,0.0
IRL,2010,0.0
IRL,2011,0.0
IRL,2012,0.0
IRL,2013,0.0
IRL,2014,0.0
IRL,2015,0.0
IRL,2016,0.03
IRL,2017,0.03
IRL,2018,0.06
IRL,2019,0.13
IRL,2020,0.19
IRL,2021,0.19
ISR,2000,0.0
ISR,2001,0.0
ISR,2002,0.0
ISR,2003,0.0
ISR,2004,0.0
ISR,2005,0.0
ISR,2006,0.0
ISR,2007,0.0
ISR,2008,0.0
ISR,2009,0.04
ISR,2010,0.12
ISR,2011,0.32
ISR,2012,0.59
ISR,2013,0.8
ISR,2014,1.45
ISR,2015,1.74
ISR,2016,2.3
ISR,2017,2.23
ISR,2018,2.28
ISR,2019,3.64
ISR,2020,4.93
ISR,2021,6.35
ITA,2000,0.01
ITA,2001,0.01
ITA,2002,0.01
ITA,2003,0.01
ITA,2004,0.01
ITA,2005,0.01
ITA,2006,0.01
ITA,2007,0.01
ITA,2008,0.06
ITA,2009,0.24
ITA,2010,0.64
ITA,2011,3.6
ITA,2012,6.36
ITA,2013,7.52
ITA,2014,8.04
ITA,2015,8.17
ITA,2016,7.69
ITA,2017,8.31
ITA,2018,7.88
ITA,2019,8.13
ITA,2020,8.97
ITA,2021,8.64
JAM,2000,0.0
JAM,2001,0.0
JAM,2002,0.0
JAM,2003,0.0
JAM,2004,0.0
JAM,2005,0.0
JAM,2006,0.0
JAM,2007,0.0
JAM,2008,0.0
JAM,2009,0.0
JAM,2010,0.0
JAM,2011,0.0
JAM,2012,0.0
JAM,2013,0.0
JAM,2014,0.26
JAM,2015,0.26
JAM,2016,0.24
JAM,2017,0.98
JAM,2018,1.2
JAM,2019,2.12
JAM,2020,2.94
JAM,2021,3.45
JPN,2000,0.04
JPN,2001,0.05
JPN,2002,0.07
JPN,2003,0.09
JPN,2004,0.12
JPN,2005,0.15
JPN,2006,0.17
JPN,2007,0.19
JPN,2008,0.22
JPN,2009,0.28
JPN,2010,0.33
JPN,2011,0.46
JPN,2012,0.63
JPN,2013,1.25
JPN,2014,2.23
JPN,2015,3.46
JPN,2016,4.55
JPN,2017,5.46
JPN,2018,6.19
JPN,2019,6.99
JPN,2020,8.2
JPN,2021,9.25
JOR,2000,0.0
JOR,2001,0.0
JOR,2002,0.0
JOR,2003,0.0
JOR,2004,0.0
JOR,2005,0.0
JOR,2006,0.0
JOR,2007,0.0
JOR,2008,0.0
JOR,2009,0.0
JOR,2010,0.0
JOR,2011,0.0
JOR,2012,0.0
JOR,2013,0.0
JOR,2014,0.0
JOR,2015,0.28
JOR,2016,2.32
JOR,2017,4.65
JOR,2018,7.42
JOR,2019,10.6
JOR,2020,14.32
JOR,2021,16.0
KAZ,2000,0.0
KAZ,2001,0.0
KAZ,2002,0.0
KAZ,2003,0.0
KAZ,2004,0.0
KAZ,2005,0.0
KAZ,2006,0.0
KAZ,2007,0.0
KAZ,2008,0.0
KAZ,2009,0.0
KAZ,2010,0.0
KAZ,2011,0.0
KAZ,2012,0.0
KAZ,2013,0.0
KAZ,2014,0.0
KAZ,2015,0.05
KAZ,2016,0.1
KAZ,2017,0.09
KAZ,2018,0.13
KAZ,2019,0.37
KAZ,2020,2.38
KAZ,2021,2.59
KEN,2000,0.0
KEN,2001,0.0
KEN,2002,0.0
KEN,2003,0.0
KEN,2004,0.0
KEN,2005,0.0
KEN,2006,0.0
KEN,2007,0.0
KEN,2008,0.0
KEN,2009,0.0
KEN,2010,0.0
KEN,2011,0.13
KEN,2012,0.12
KEN,2013,0.35
KEN,2014,0.6
KEN,2015,0.51
KEN,2016,0.62
KEN,2017,0.65
KEN,2018,0.8
KEN,2019,0.78
KEN,2020,0.77
KEN,2021,0.85
KIR,2000,0.0
KIR,2001,0.0
KIR,2002,0.0
KIR,2003,0.0
KIR,2004,0.0
KIR,2005,0.0
KIR,2006,0.0
KIR,2007,0.0
KIR,2008,0.0
KIR,2009,0.0
KIR,2010,0.0
KIR,2011,0.0
KIR,2012,0.0
KIR,2013,0.0
KIR,2014,0.0
KIR,2015,0.0
KIR,2016,0.0
KIR,2017,0.0
KIR,2018,0.0
KIR,2019,0.0
KIR,2020,0.0
KIR,2021,0.0
PRK,2000,0.0
PRK,2001,0.0
PRK,2002,0.0
PRK,2003,0.0
PRK,2004,0.0
PRK,2005,0.0
PRK,2006,0.0
PRK,2007,0.0
PRK,2008,0.0
PRK,2009,0.0
PRK,2010,0.0
PRK,2011,0.0
PRK,2012,0.0
PRK,2013,0.0
PRK,2014,0.06
PRK,2015,0.07
PRK,2016,0.06
PRK,2017,0.07
PRK,2018,0.07
PRK,2019,0.15
PRK,2020,0.13
PRK,2021,0.14
XKX,2000,0.0
XKX,2001,0.0
XKX,2002,0.0
XKX,2003,0.0
XKX,2004,0.0
XKX,2005,0.0
XKX,2006,0.0
XKX,2007,0.0
XKX,2008,0.0
XKX,2009,0.0
XKX,2010,0.0
XKX,2011,0.0
XKX,2012,0.0
XKX,2013,0.0
XKX,2014,0.0
XKX,2015,0.0
XKX,2016,0.0
XKX,2017,0.0
XKX,2018,0.0
XKX,2019,0.16
XKX,2020,0.15
KWT,2000,0.0
KWT,2001,0.0
KWT,2002,0.0
KWT,2003,0.0
KWT,2004,0.0
KWT,2005,0.0
KWT,2006,0.0
KWT,2007,0.0
KWT,2008,0.0
KWT,2009,0.0
KWT,2010,0.0
KWT,2011,0.0
KWT,2012,0.0
KWT,2013,0.0
KWT,2014,0.0
KWT,2015,0.0
KWT,2016,0.02
KWT,2017,0.01
KWT,2018,0.03
KWT,2019,0.03
KWT,2020,0.03
KWT,2021,0.03
KGZ,2000,0.0
KGZ,2001,0.0
KGZ,2002,0.0
KGZ,2003,0.0
KGZ,2004,0.0
KGZ,2005,0.0
KGZ,2006,0.0
KGZ,2007,0.0
KGZ,2008,0.0
KGZ,2009,0.0
KGZ,2010,0.0
KGZ,2011,0.0
KGZ,2012,0.0
KGZ,2013,0.0
KGZ,2014,0.0
KGZ,2015,0.0
KGZ,2016,0.0
KGZ,2017,0.0
KGZ,2018,0.0
KGZ,2019,0.0
KGZ,2020,0.0
KGZ,2021,0.0
LAO,2000,0.0
LAO,2001,0.0
LAO,2002,0.0
LAO,2003,0.0
LAO,2004,0.0
LAO,2005,0.0
LAO,2006,0.0
LAO,2007,0.0
LAO,2008,0.0
LAO,2009,0.0
LAO,2010,0.0
LAO,2011,0.0
LAO,2012,0.0
LAO,2013,0.0
LAO,2014,0.0
LAO,2015,0.0
LAO,2016,0.0
LAO,2017,0.03
LAO,2018,0.06
LAO,2019,0.13
LAO,2020,0.1
LAO,2021,0.1
LVA,2000,0.0
LVA,2001,0.0
LVA,2002,0.0
LVA,2003,0.0
LVA,2004,0.0
LVA,2005,0.0
LVA,2006,0.0
LVA,2007,0.0
LVA,2008,0.0
LVA,2009,0.0
LVA,2010,0.0
LVA,2011,0.0
LVA,2012,0.0
LVA,2013,0.0
LVA,2014,0.0
LVA,2015,0.0
LVA,2016,0.0
LVA,2017,0.0
LVA,2018,0.0
LVA,2019,0.0
LVA,2020,0.0
LVA,2021,0.0
LBN,2000,0.0
LBN,2001,0.0
LBN,2002,0.0
LBN,2003,0.0
LBN,2004,0.0
LBN,2005,0.0
LBN,2006,0.0
LBN,2007,0.0
LBN,2008,0.0
LBN,2009,0.0
LBN,2010,0.0
LBN,2011,0.0
LBN,2012,0.0
LBN,2013,0.0
LBN,2014,0.06
LBN,2015,0.11
LBN,2016,0.22
LBN,2017,0.3
LBN,2018,0.45
LBN,2019,0.54
LBN,2020,0.62
LBN,2021,0.58
LSO,2000,0.0
LSO,2001,0.0
LSO,2002,0.0
LSO,2003,0.0
LSO,2004,0.0
LSO,2005,0.0
LSO,2006,0.0
LSO,2007,0.0
LSO,2008,0.0
LSO,2009,0.0
LSO,2010,0.0
LSO,2011,0.0
LSO,2012,0.0
LSO,2013,0.0
LSO,2014,0.0
LSO,2015,0.0
LSO,2016,0.0
LSO,2017,0.0
LSO,2018,0.0
LSO,2019,0.0
LSO,2020,0.0
LSO,2021,0.0
LBR,2000,0.0
LBR,2001,0.0
LBR,2002,0.0
LBR,2003,0.0
LBR,2004,0.0
LBR,2005,0.0
LBR,2006,0.0
LBR,2007,0.0
LBR,2008,0.0
LBR,2009,0.0
LBR,2010,0.0
LBR,2011,0.0
LBR,2012,0.0
LBR,2013,0.0
LBR,2014,0.0
LBR,2015,0.0
LBR,2016,0.0
LBR,2017,0.0
LBR,2018,0.0
LBR,2019,0.0
LBR,2020,0.0
LBR,2021,0.0
LBY,2000,0.0
LBY,2001,0.0
LBY,2002,0.0
LBY,2003,0.0
LBY,2004,0.0
LBY,2005,0.0
LBY,2006,0.0
LBY,2007,0.0
LBY,2008,0.0
LBY,2009,0.0
LBY,2010,0.03
LBY,2011,0.04
LBY,2012,0.03
LBY,2013,0.03
LBY,2014,0.03
LBY,2015,0.03
LBY,2016,0.03
LBY,2017,0.03
LBY,2018,0.03
LBY,2019,0.03
LBY,2020,0.03
LBY,2021,0.03
LTU,2000,0.0
LTU,2001,0.0
LTU,2002,0.0
LTU,2003,0.0
LTU,2004,0.0
LTU,2005,0.0
LTU,2006,0.0
LTU,2007,0.0
LTU,2008,0.0
LTU,2009,0.0
LTU,2010,0.0
LTU,2011,0.0
LTU,2012,0.0
LTU,2013,1.26
LTU,2014,2.02
LTU,2015,1.75
LTU,2016,2.05
LTU,2017,2.09
LTU,2018,3.27
LTU,2019,2.87
LTU,2020,2.87
LTU,2021,4.29
LUX,2000,0.0
LUX,2001,0.0
LUX,2002,0.0
LUX,2003,0.0
LUX,2004,0.3
LUX,2005,0.6
LUX,2006,0.56
LUX,2007,0.63
LUX,2008,0.74
LUX,2009,0.63
LUX,2010,0.62
LUX,2011,1.14
LUX,2012,1.45
LUX,2013,3.8
LUX,2014,4.71
LUX,2015,7.46
LUX,2016,12.66
LUX,2017,12.22
LUX,2018,12.5
LUX,2019,12.15
LUX,2020,13.11
LUX,2021,17.91
MAC,2000,0.0
MAC,2001,0.0
MAC,2002,0.0
MAC,2003,0.0
MAC,2004,0.0
MAC,2005,0.0
MAC,2006,0.0
MAC,2007,0.0
MAC,2008,0.0
MAC,2009,0.0
MAC,2010,0.0
MAC,2011,0.0
MAC,2012,0.0
MAC,2013,0.0
MAC,2014,0.0
MAC,2015,0.0
MAC,2016,0.0
MAC,2017,0.0
MAC,2018,0.0
MAC,2019,0.0
MAC,2020,0.0
MAC,2021,0.0
MDG,2000,0.0
MDG,2001,0.0
MDG,2002,0.0
MDG,2003,0.0
MDG,2004,0.0
MDG,2005,0.0
MDG,2006,0.0
MDG,2007,0.0
MDG,2008,0.0
MDG,2009,0.0
MDG,2010,0.0
MDG,2011,0.0
MDG,2012,0.0
MDG,2013,0.54
MDG,2014,0.51
MDG,2015,0.97
MDG,2016,0.99
MDG,2017,0.91
MDG,2018,0.88
MDG,2019,1.0
MDG,2020,1.02
MDG,2021,0.96
MWI,2000,0.0
MWI,2001,0.0
MWI,2002,0.0
MWI,2003,0.0
MWI,2004,0.0
MWI,2005,0.0
MWI,2006,0.0
MWI,2007,0.0
MWI,2008,0.0
MWI,2009,0.0
MWI,2010,0.0
MWI,2011,0.0
MWI,2012,0.48
MWI,2013,0.48
MWI,2014,0.9
MWI,2015,1.36
MWI,2016,1.37
MWI,2017,1.91
MWI,2018,3.05
MWI,2019,10.0
MWI,2020,9.94
MWI,2021,11.97
MYS,2000,0.0
MYS,2001,0.0
MYS,2002,0.0
MYS,2003,0.0
MYS,2004,0.0
MYS,2005,0.0
MYS,2006,0.0
MYS,2007,0.0
MYS,2008,0.0
MYS,2009,0.0
MYS,2010,0.0
MYS,2011,0.0
MYS,2012,0.01
MYS,2013,0.1
MYS,2014,0.16
MYS,2015,0.18
MYS,2016,0.2
MYS,2017,0.21
MYS,2018,0.37
MYS,2019,0.53
MYS,2020,0.69
MYS,2021,0.86
MDV,2000,0.0
MDV,2001,0.0
MDV,2002,0.0
MDV,2003,0.0
MDV,2004,0.0
MDV,2005,0.0
MDV,2006,0.0
MDV,2007,0.0
MDV,2008,0.0
MDV,2009,0.0
MDV,2010,0.0
MDV,2011,0.0
MDV,2012,0.0
MDV,2013,0.0
MDV,2014,1.96
MDV,2015,1.75
MDV,2016,1.64
MDV,2017,3.23
MDV,2018,4.69
MDV,2019,4.69
MDV,2020,6.56
MDV,2021,7.58
MLI,2000,0.0
MLI,2001,0.0
MLI,2002,0.0
MLI,2003,0.0
MLI,2004,0.0
MLI,2005,0.0
MLI,2006,0.0
MLI,2007,0.0
MLI,2008,0.0
MLI,2009,0.0
MLI,2010,0.58
MLI,2011,1.05
MLI,2012,1.33
MLI,2013,1.32
MLI,2014,1.27
MLI,2015,1.29
MLI,2016,1.08
MLI,2017,0.91
MLI,2018,0.85
MLI,2019,0.9
MLI,2020,0.94
MLI,2021,0.88
MLT,2000,0.0
MLT,2001,0.0
MLT,2002,0.0
MLT,2003,0.0
MLT,2004,0.0
MLT,2005,0.0
MLT,2006,0.0
MLT,2007,0.0
MLT,2008,0.0
MLT,2009,0.0
MLT,2010,0.0
MLT,2011,0.0
MLT,2012,0.87
MLT,2013,1.33
MLT,2014,3.11
MLT,2015,6.92
MLT,2016,15.12
MLT,2017,9.7
MLT,2018,9.64
MLT,2019,9.66
MLT,2020,11.16
MLT,2021,9.59
MTQ,2000,0.0
MTQ,2001,0.0
MTQ,2002,0.0
MTQ,2003,0.0
MTQ,2004,0.0
MTQ,2005,0.0
MTQ,2006,0.0
MTQ,2007,0.0
MTQ,2008,0.0
MTQ,2009,0.0
MTQ,2010,0.0
MTQ,2011,0.0
MTQ,2012,
MTQ,2013,
MTQ,2014,
MTQ,2015,
MTQ,2016,
MTQ,2017,
MTQ,2018,
MTQ,2019,
MTQ,2020,
MTQ,2021,
MRT,2000,0.0
MRT,2001,0.0
MRT,2002,0.0
MRT,2003,0.0
MRT,2004,0.0
MRT,2005,0.0
MRT,2006,0.0
MRT,2007,0.0
MRT,2008,0.0
MRT,2009,0.0
MRT,2010,0.0
MRT,2011,0.0
MRT,2012,0.0
MRT,2013,3.19
MRT,2014,3.06
MRT,2015,2.63
MRT,2016,4.96
MRT,2017,3.97
MRT,2018,8.28
MRT,2019,7.69
MRT,2020,7.91
MRT,2021,7.45
MUS,2000,0.0
MUS,2001,0.0
MUS,2002,0.0
MUS,2003,0.0
MUS,2004,0.0
MUS,2005,0.0
MUS,2006,0.0
MUS,2007,0.0
MUS,2008,0.0
MUS,2009,0.0
MUS,2010,0.0
MUS,2011,0.0
MUS,2012,0.0
MUS,2013,0.0
MUS,2014,1.07
MUS,2015,1.05
MUS,2016,1.03
MUS,2017,1.35
MUS,2018,1.68
MUS,2019,4.22
MUS,2020,5.47
MUS,2021,5.56
MEX,2000,0.01
MEX,2001,0.0
MEX,2002,0.0
MEX,2003,0.0
MEX,2004,0.0
MEX,2005,0.0
MEX,2006,0.0
MEX,2007,0.0
MEX,2008,0.0
MEX,2009,0.0
MEX,2010,0.01
MEX,2011,0.01
MEX,2012,0.02
MEX,2013,0.04
MEX,2014,0.08
MEX,2015,0.08
MEX,2016,0.15
MEX,2017,0.35
MEX,2018,0.41
MEX,2019,2.19
MEX,2020,3.45
MEX,2021,4.2
MDA,2000,0.0
MDA,2001,0.0
MDA,2002,0.0
MDA,2003,0.0
MDA,2004,0.0
MDA,2005,0.0
MDA,2006,0.0
MDA,2007,0.0
MDA,2008,0.0
MDA,2009,0.0
MDA,2010,0.0
MDA,2011,0.0
MDA,2012,0.0
MDA,2013,0.0
MDA,2014,0.0
MDA,2015,0.0
MDA,2016,0.0
MDA,2017,0.0
MDA,2018,0.0
MDA,2019,0.0
MDA,2020,0.0
MDA,2021,0.15
MNG,2000,0.0
MNG,2001,0.0
MNG,2002,0.0
MNG,2003,0.0
MNG,2004,0.0
MNG,2005,0.0
MNG,2006,0.0
MNG,2007,0.0
MNG,2008,0.26
MNG,2009,0.25
MNG,2010,0.25
MNG,2011,0.23
MNG,2012,0.22
MNG,2013,0.21
MNG,2014,0.2
MNG,2015,0.19
MNG,2016,0.19
MNG,2017,0.54
MNG,2018,0.98
MNG,2019,1.23
MNG,2020,1.79
MNG,2021,1.97
MNE,2005,0.0
MNE,2006,0.0
MNE,2007,0.0
MNE,2008,0.0
MNE,2009,0.0
MNE,2010,0.0
MNE,2011,0.0
MNE,2012,0.0
MNE,2013,0.0
MNE,2014,0.0
MNE,2015,0.0
MNE,2016,0.0
MNE,2017,0.0
MNE,2018,0.0
MNE,2019,0.0
MNE,2020,0.0
MNE,2021,0.0
MSR,2000,0.0
MSR,2001,0.0
MSR,2002,0.0
MSR,2003,0.0
MSR,2004,0.0
MSR,2005,0.0
MSR,2006,0.0
MSR,2007,0.0
MSR,2008,0.0
MSR,2009,0.0
MSR,2010,0.0
MSR,2011,0.0
MSR,2012,0.0
MSR,2013,0.0
MSR,2014,0.0
MSR,2015,0.0
MSR,2016,0.0
MSR,2017,0.0
MSR,2018,0.0
MSR,2019,0.0
MSR,2020,0.0
MSR,2021,0.0
MAR,2000,0.0
MAR,2001,0.0
MAR,2002,0.0
MAR,2003,0.0
MAR,2004,0.0
MAR,2005,0.0
MAR,2006,0.0
MAR,2007,0.0
MAR,2008,0.0
MAR,2009,0.0
MAR,2010,0.0
MAR,2011,0.0
MAR,2012,0.22
MAR,2013,0.22
MAR,2014,0.22
MAR,2015,0.1
MAR,2016,1.41
MAR,2017,1.39
MAR,2018,2.78
MAR,2019,3.95
MAR,2020,3.96
MAR,2021,4.41
MOZ,2000,0.0
MOZ,2001,0.0
MOZ,2002,0.0
MOZ,2003,0.0
MOZ,2004,0.0
MOZ,2005,0.0
MOZ,2006,0.0
MOZ,2007,0.0
MOZ,2008,0.0
MOZ,2009,0.0
MOZ,2010,0.0
MOZ,2011,0.0
MOZ,2012,0.0
MOZ,2013,0.0
MOZ,2014,0.0
MOZ,2015,0.0
MOZ,2016,0.0
MOZ,2017,0.0
MOZ,2018,0.0
MOZ,2019,0.0
MOZ,2020,0.16
MOZ,2021,0.35
MMR,2000,0.0
MMR,2001,0.0
MMR,2002,0.0
MMR,2003,0.0
MMR,2004,0.0
MMR,2005,0.0
MMR,2006,0.0
MMR,2007,0.0
MMR,2008,0.0
MMR,2009,0.0
MMR,2010,0.0
MMR,2011,0.0
MMR,2012,0.0
MMR,2013,0.08
MMR,2014,0.07
MMR,2015,0.19
MMR,2016,0.28
MMR,2017,0.29
MMR,2018,0.31
MMR,2019,0.38
MMR,2020,0.34
MMR,2021,0.45
NAM,2000,0.0
NAM,2001,0.0
NAM,2002,0.0
NAM,2003,0.0
NAM,2004,0.0
NAM,2005,0.0
NAM,2006,0.0
NAM,2007,0.0
NAM,2008,0.0
NAM,2009,0.0
NAM,2010,0.76
NAM,2011,0.7
NAM,2012,0.61
NAM,2013,1.49
NAM,2014,1.99
NAM,2015,2.56
NAM,2016,4.08
NAM,2017,5.75
NAM,2018,17.02
NAM,2019,25.74
NAM,2020,18.97
NAM,2021,24.2
NRU,2000,0.0
NRU,2001,0.0
NRU,2002,0.0
NRU,2003,0.0
NRU,2004,0.0
NRU,2005,0.0
NRU,2006,0.0
NRU,2007,0.0
NRU,2008,0.0
NRU,2009,0.0
NRU,2010,0.0
NRU,2011,0.0
NRU,2012,0.0
NRU,2013,0.0
NRU,2014,0.0
NRU,2015,0.0
NRU,2016,0.0
NRU,2017,0.0
NRU,2018,0.0
NRU,2019,0.0
NRU,2020,0.0
NRU,2021,0.0
NPL,2000,0.0
NPL,2001,0.0
NPL,2002,0.0
NPL,2003,0.0
NPL,2004,0.0
NPL,2005,0.0
NPL,2006,0.0
NPL,2007,0.36
NPL,2008,0.36
NPL,2009,0.32
NPL,2010,0.31
NPL,2011,0.29
NPL,2012,0.28
NPL,2013,0.57
NPL,2014,0.53
NPL,2015,0.58
NPL,2016,0.47
NPL,2017,1.69
NPL,2018,1.6
NPL,2019,1.12
NPL,2020,1.58
NPL,2021,1.8
NLD,2000,0.01
NLD,2001,0.01
NLD,2002,0.02
NLD,2003,0.03
NLD,2004,0.03
NLD,2005,0.04
NLD,2006,0.04
NLD,2007,0.04
NLD,2008,0.04
NLD,2009,0.04
NLD,2010,0.05
NLD,2011,0.09
NLD,2012,0.18
NLD,2013,0.4
NLD,2014,0.71
NLD,2015,1.02
NLD,2016,1.41
NLD,2017,1.91
NLD,2018,3.26
NLD,2019,4.47
NLD,2020,7.13
NLD,2021,9.4
NCL,2000,0.0
NCL,2001,0.0
NCL,2002,0.0
NCL,2003,0.0
NCL,2004,0.0
NCL,2005,0.0
NCL,2006,0.0
NCL,2007,0.0
NCL,2008,0.0
NCL,2009,0.0
NCL,2010,0.0
NCL,2011,0.0
NCL,2012,0.0
NCL,2013,0.0
NCL,2014,0.0
NCL,2015,0.36
NCL,2016,0.34
NCL,2017,0.98
NCL,2018,1.67
NCL,2019,3.82
NCL,2020,4.76
NCL,2021,5.36
NZL,2000,0.0
NZL,2001,0.0
NZL,2002,0.0
NZL,2003,0.0
NZL,2004,0.0
NZL,2005,0.0
NZL,2006,0.0
NZL,2007,0.0
NZL,2008,0.0
NZL,2009,0.0
NZL,2010,0.0
NZL,2011,0.0
NZL,2012,0.0
NZL,2013,0.02
NZL,2014,0.05
NZL,2015,0.09
NZL,2016,0.14
NZL,2017,0.18
NZL,2018,0.23
NZL,2019,0.3
NZL,2020,0.37
NZL,2021,0.46
NIC,2000,0.0
NIC,2001,0.0
NIC,2002,0.0
NIC,2003,0.0
NIC,2004,0.0
NIC,2005,0.0
NIC,2006,0.0
NIC,2007,0.0
NIC,2008,0.0
NIC,2009,0.0
NIC,2010,0.0
NIC,2011,0.0
NIC,2012,0.26
NIC,2013,0.0
NIC,2014,0.0
NIC,2015,0.0
NIC,2016,0.0
NIC,2017,0.23
NIC,2018,0.44
NIC,2019,0.67
NIC,2020,0.68
NIC,2021,0.65
NER,2000,0.0
NER,2001,0.0
NER,2002,0.0
NER,2003,0.0
NER,2004,0.0
NER,2005,0.0
NER,2006,0.0
NER,2007,0.0
NER,2008,0.0
NER,2009,0.0
NER,2010,0.0
NER,2011,0.0
NER,2012,2.56
NER,2013,2.38
NER,2014,2.38
NER,2015,1.96
NER,2016,2.0
NER,2017,1.89
NER,2018,9.26
NER,2019,8.2
NER,2020,11.63
NER,2021,11.11
NGA,2000,0.0
NGA,2001,0.0
NGA,2002,0.0
NGA,2003,0.0
NGA,2004,0.0
NGA,2005,0.0
NGA,2006,0.0
NGA,2007,0.0
NGA,2008,0.0
NGA,2009,0.0
NGA,2010,0.0
NGA,2011,0.0
NGA,2012,0.07
NGA,2013,0.07
NGA,2014,0.07
NGA,2015,0.1
NGA,2016,0.09
NGA,2017,0.09
NGA,2018,0.09
NGA,2019,0.13
NGA,2020,0.13
NGA,2021,0.16
NIU,2000,
NIU,2001,
NIU,2002,
NIU,2003,
NIU,2004,
NIU,2005,
NIU,2006,
NIU,2007,
NIU,2008,
NIU,2009,
NIU,2010,
NIU,2011,
NIU,2012,
NIU,2013,
NIU,2014,
NIU,2015,
NIU,2016,
NIU,2017,
NIU,2018,
NIU,2019,
NIU,2020,
NIU,2021,
MKD,2000,0.0
MKD,2001,0.0
MKD,2002,0.0
MKD,2003,0.0
MKD,2004,0.0
MKD,2005,0.0
MKD,2006,0.0
MKD,2007,0.0
MKD,2008,0.0
MKD,2009,0.0
MKD,2010,0.0
MKD,2011,0.0
MKD,2012,0.0
MKD,2013,0.16
MKD,2014,0.19
MKD,2015,0.35
MKD,2016,0.36
MKD,2017,0.36
MKD,2018,0.36
MKD,2019,0.34
MKD,2020,0.37
MKD,2021,0.51
NOR,2000,0.0
NOR,2001,0.0
NOR,2002,0.0
NOR,2003,0.0
NOR,2004,0.0
NOR,2005,0.0
NOR,2006,0.0
NOR,2007,0.0
NOR,2008,0.0
NOR,2009,0.0
NOR,2010,0.0
NOR,2011,0.0
NOR,2012,0.0
NOR,2013,0.0
NOR,2014,0.0
NOR,2015,0.0
NOR,2016,0.0
NOR,2017,0.0
NOR,2018,0.0
NOR,2019,0.01
NOR,2020,0.02
NOR,2021,0.02
OMN,2000,0.0
OMN,2001,0.0
OMN,2002,0.0
OMN,2003,0.0
OMN,2004,0.0
OMN,2005,0.0
OMN,2006,0.0
OMN,2007,0.0
OMN,2008,0.0
OMN,2009,0.0
OMN,2010,0.0
OMN,2011,0.0
OMN,2012,0.0
OMN,2013,0.0
OMN,2014,0.0
OMN,2015,0.0
OMN,2016,0.0
OMN,2017,0.06
OMN,2018,0.06
OMN,2019,0.06
OMN,2020,0.38
OMN,2021,0.44
PAK,2000,0.0
PAK,2001,0.0
PAK,2002,0.0
PAK,2003,0.0
PAK,2004,0.0
PAK,2005,0.0
PAK,2006,0.0
PAK,2007,0.0
PAK,2008,0.0
PAK,2009,0.0
PAK,2010,0.01
PAK,2011,0.03
PAK,2012,0.07
PAK,2013,0.13
PAK,2014,0.22
PAK,2015,0.34
PAK,2016,0.55
PAK,2017,0.7
PAK,2018,0.66
PAK,2019,0.68
PAK,2020,0.75
PAK,2021,0.84
PSE,2000,
PSE,2001,0.0
PSE,2002,0.0
PSE,2003,0.0
PSE,2004,0.0
PSE,2005,0.0
PSE,2006,0.0
PSE,2007,0.0
PSE,2008,0.0
PSE,2009,0.0
PSE,2010,0.0
PSE,2011,0.0
PSE,2012,0.0
PSE,2013,0.0
PSE,2014,0.0
PSE,2015,2.08
PSE,2016,7.84
PSE,2017,9.62
PSE,2018,15.0
PSE,2019,15.58
PSE,2020,22.5
PSE,2021,23.26
PAN,2000,0.0
PAN,2001,0.0
PAN,2002,0.0
PAN,2003,0.0
PAN,2004,0.0
PAN,2005,0.0
PAN,2006,0.0
PAN,2007,0.0
PAN,2008,0.0
PAN,2009,0.0
PAN,2010,0.0
PAN,2011,0.0
PAN,2012,0.0
PAN,2013,0.0
PAN,2014,0.12
PAN,2015,0.21
PAN,2016,0.8
PAN,2017,1.51
PAN,2018,2.44
PAN,2019,3.27
PAN,2020,3.35
PAN,2021,3.75
PNG,2000,0.0
PNG,2001,0.0
PNG,2002,0.0
PNG,2003,0.0
PNG,2004,0.0
PNG,2005,0.0
PNG,2006,0.0
PNG,2007,0.0
PNG,2008,0.0
PNG,2009,0.0
PNG,2010,0.0
PNG,2011,0.0
PNG,2012,0.0
PNG,2013,0.0
PNG,2014,0.0
PNG,2015,0.0
PNG,2016,0.0
PNG,2017,0.0
PNG,2018,0.0
PNG,2019,0.0
PNG,2020,0.0
PNG,2021,0.0
PRY,2000,0.0
PRY,2001,0.0
PRY,2002,0.0
PRY,2003,0.0
PRY,2004,0.0
PRY,2005,0.0
PRY,2006,0.0
PRY,2007,0.0
PRY,2008,0.0
PRY,2009,0.0
PRY,2010,0.0
PRY,2011,0.0
PRY,2012,0.0
PRY,2013,0.0
PRY,2014,0.0
PRY,2015,0.0
PRY,2016,0.0
PRY,2017,0.0
PRY,2018,0.0
PRY,2019,0.0
PRY,2020,0.0
PRY,2021,0.0
PER,2000,0.0
PER,2001,0.0
PER,2002,0.0
PER,2003,0.0
PER,2004,0.0
PER,2005,0.0
PER,2006,0.0
PER,2007,0.0
PER,2008,0.0
PER,2009,0.0
PER,2010,0.0
PER,2011,0.0
PER,2012,0.23
PER,2013,0.58
PER,2014,0.58
PER,2015,0.63
PER,2016,0.62
PER,2017,0.69
PER,2018,1.37
PER,2019,1.38
PER,2020,1.5
PER,2021,1.41
PHL,2000,0.0
PHL,2001,0.0
PHL,2002,0.0
PHL,2003,0.0
PHL,2004,0.0
PHL,2005,0.0
PHL,2006,0.0
PHL,2007,0.0
PHL,2008,0.0
PHL,2009,0.0
PHL,2010,0.0
PHL,2011,0.0
PHL,2012,0.0
PHL,2013,0.0
PHL,2014,0.03
PHL,2015,0.17
PHL,2016,1.21
PHL,2017,1.27
PHL,2018,1.25
PHL,2019,1.19
PHL,2020,1.36
PHL,2021,1.39
POL,2000,0.0
POL,2001,0.0
POL,2002,0.0
POL,2003,0.0
POL,2004,0.0
POL,2005,0.0
POL,2006,0.0
POL,2007,0.0
POL,2008,0.0
POL,2009,0.0
POL,2010,0.0
POL,2011,0.0
POL,2012,0.0
POL,2013,0.0
POL,2014,0.01
POL,2015,0.04
POL,2016,0.07
POL,2017,0.1
POL,2018,0.18
POL,2019,0.44
POL,2020,1.25
POL,2021,2.16
PRT,2000,0.0
PRT,2001,0.0
PRT,2002,0.0
PRT,2003,0.0
PRT,2004,0.0
PRT,2005,0.0
PRT,2006,0.0
PRT,2007,0.04
PRT,2008,0.09
PRT,2009,0.32
PRT,2010,0.39
PRT,2011,0.54
PRT,2012,0.86
PRT,2013,0.95
PRT,2014,1.21
PRT,2015,1.56
PRT,2016,1.47
PRT,2017,1.72
PRT,2018,1.73
PRT,2019,2.59
PRT,2020,3.34
PRT,2021,4.47
PRI,2000,0.0
PRI,2001,0.0
PRI,2002,0.0
PRI,2003,0.0
PRI,2004,0.0
PRI,2005,0.0
PRI,2006,0.0
PRI,2007,0.0
PRI,2008,0.0
PRI,2009,0.0
PRI,2010,0.0
PRI,2011,0.0
PRI,2012,0.09
PRI,2013,0.2
PRI,2014,0.24
PRI,2015,0.44
PRI,2016,0.57
PRI,2017,0.96
PRI,2018,0.47
PRI,2019,1.39
PRI,2020,1.52
PRI,2021,1.48
QAT,2000,0.0
QAT,2001,0.0
QAT,2002,0.0
QAT,2003,0.0
QAT,2004,0.0
QAT,2005,0.0
QAT,2006,0.0
QAT,2007,0.0
QAT,2008,0.0
QAT,2009,0.0
QAT,2010,0.0
QAT,2011,0.0
QAT,2012,0.0
QAT,2013,0.0
QAT,2014,0.03
QAT,2015,0.03
QAT,2016,0.03
QAT,2017,0.02
QAT,2018,0.02
QAT,2019,0.02
QAT,2020,0.02
QAT,2021,0.02
REU,2000,0.0
REU,2001,0.0
REU,2002,0.0
REU,2003,0.0
REU,2004,0.0
REU,2005,0.0
REU,2006,0.0
REU,2007,0.0
REU,2008,0.0
REU,2009,0.72
REU,2010,2.8
REU,2011,4.84
ROU,2000,0.0
ROU,2001,0.0
ROU,2002,0.0
ROU,2003,0.0
ROU,2004,0.0
ROU,2005,0.0
ROU,2006,0.0
ROU,2007,0.0
ROU,2008,0.0
ROU,2009,0.0
ROU,2010,0.0
ROU,2011,0.0
ROU,2012,0.02
ROU,2013,0.72
ROU,2014,2.49
ROU,2015,3.0
ROU,2016,2.82
ROU,2017,2.91
ROU,2018,2.75
ROU,2019,3.01
ROU,2020,3.11
ROU,2021,2.87
RUS,2000,0.0
RUS,2001,0.0
RUS,2002,0.0
RUS,2003,0.0
RUS,2004,0.0
RUS,2005,0.0
RUS,2006,0.0
RUS,2007,0.0
RUS,2008,0.0
RUS,2009,0.0
RUS,2010,0.0
RUS,2011,0.0
RUS,2012,0.0
RUS,2013,0.0
RUS,2014,0.02
RUS,2015,0.03
RUS,2016,0.04
RUS,2017,0.05
RUS,2018,0.07
RUS,2019,0.12
RUS,2020,0.19
RUS,2021,0.21
RWA,2000,0.0
RWA,2001,0.0
RWA,2002,0.0
RWA,2003,0.0
RWA,2004,0.0
RWA,2005,0.0
RWA,2006,0.0
RWA,2007,0.0
RWA,2008,0.0
RWA,2009,0.0
RWA,2010,0.0
RWA,2011,0.0
RWA,2012,0.0
RWA,2013,0.0
RWA,2014,2.13
RWA,2015,3.45
RWA,2016,4.41
RWA,2017,5.19
RWA,2018,5.81
RWA,2019,5.88
RWA,2020,6.59
RWA,2021,7.06
SHN,2000,
SHN,2001,
SHN,2002,
SHN,2003,
SHN,2004,
SHN,2005,
SHN,2006,
SHN,2007,
SHN,2008,
SHN,2009,
SHN,2010,
SHN,2011,
SHN,2012,
SHN,2013,
SHN,2014,
SHN,2015,
SHN,2016,
SHN,2017,
SHN,2018,
SHN,2019,
SHN,2020,
SHN,2021,
KNA,2000,0.0
KNA,2001,0.0
KNA,2002,0.0
KNA,2003,0.0
KNA,2004,0.0
KNA,2005,0.0
KNA,2006,0.0
KNA,2007,0.0
KNA,2008,0.0
KNA,2009,0.0
KNA,2010,0.0
KNA,2011,0.0
KNA,2012,0.0
KNA,2013,0.0
KNA,2014,0.0
KNA,2015,0.0
KNA,2016,0.0
KNA,2017,0.0
KNA,2018,0.0
KNA,2019,0.0
KNA,2020,0.0
KNA,2021,0.0
LCA,2000,0.0
LCA,2001,0.0
LCA,2002,0.0
LCA,2003,0.0
LCA,2004,0.0
LCA,2005,0.0
LCA,2006,0.0
LCA,2007,0.0
LCA,2008,0.0
LCA,2009,0.0
LCA,2010,0.0
LCA,2011,0.0
LCA,2012,0.0
LCA,2013,0.0
LCA,2014,0.0
LCA,2015,0.0
LCA,2016,0.0
LCA,2017,0.0
LCA,2018,0.0
LCA,2019,0.0
LCA,2020,0.0
LCA,2021,0.0
SPM,2000,0.0
SPM,2001,0.0
SPM,2002,0.0
SPM,2003,0.0
SPM,2004,0.0
SPM,2005,0.0
SPM,2006,0.0
SPM,2007,0.0
SPM,2008,0.0
SPM,2009,0.0
SPM,2010,0.0
SPM,2011,0.0
SPM,2012,0.0
SPM,2013,0.0
SPM,2014,0.0
SPM,2015,0.0
SPM,2016,0.0
SPM,2017,0.0
SPM,2018,0.0
SPM,2019,0.0
SPM,2020,0.0
SPM,2021,0.0
VCT,2000,0.0
VCT,2001,0.0
VCT,2002,0.0
VCT,2003,0.0
VCT,2004,0.0
VCT,2005,0.0
VCT,2006,0.0
VCT,2007,0.0
VCT,2008,0.0
VCT,2009,0.0
VCT,2010,0.0
VCT,2011,0.0
VCT,2012,0.0
VCT,2013,0.0
VCT,2014,0.0
VCT,2015,0.0
VCT,2016,0.0
VCT,2017,0.0
VCT,2018,0.0
VCT,2019,0.0
VCT,2020,0.0
VCT,2021,0.0
WSM,2000,0.0
WSM,2001,0.0
WSM,2002,0.0
WSM,2003,0.0
WSM,2004,0.0
WSM,2005,0.0
WSM,2006,0.0
WSM,2007,0.0
WSM,2008,0.0
WSM,2009,0.0
WSM,2010,0.0
WSM,2011,0.0
WSM,2012,0.0
WSM,2013,0.0
WSM,2014,0.0
WSM,2015,7.69
WSM,2016,14.29
WSM,2017,14.29
WSM,2018,13.33
WSM,2019,13.33
WSM,2020,12.5
WSM,2021,11.76
STP,2000,0.0
STP,2001,0.0
STP,2002,0.0
STP,2003,0.0
STP,2004,0.0
STP,2005,0.0
STP,2006,0.0
STP,2007,0.0
STP,2008,0.0
STP,2009,0.0
STP,2010,0.0
STP,2011,0.0
STP,2012,0.0
STP,2013,0.0
STP,2014,0.0
STP,2015,0.0
STP,2016,0.0
STP,2017,0.0
STP,2018,0.0
STP,2019,0.0
STP,2020,0.0
STP,2021,0.0
SAU,2000,0.0
SAU,2001,0.0
SAU,2002,0.0
SAU,2003,0.0
SAU,2004,0.0
SAU,2005,0.0
SAU,2006,0.0
SAU,2007,0.0
SAU,2008,0.0
SAU,2009,0.0
SAU,2010,0.0
SAU,2011,0.0
SAU,2012,0.01
SAU,2013,0.01
SAU,2014,0.02
SAU,2015,0.01
SAU,2016,0.01
SAU,2017,0.02
SAU,2018,0.05
SAU,2019,0.06
SAU,2020,0.06
SAU,2021,0.23
SEN,2000,0.0
SEN,2001,0.0
SEN,2002,0.0
SEN,2003,0.0
SEN,2004,0.0
SEN,2005,0.0
SEN,2006,0.0
SEN,2007,0.0
SEN,2008,0.0
SEN,2009,0.0
SEN,2010,0.0
SEN,2011,0.0
SEN,2012,0.32
SEN,2013,0.3
SEN,2014,0.55
SEN,2015,0.52
SEN,2016,0.24
SEN,2017,2.23
SEN,2018,4.93
SEN,2019,5.61
SEN,2020,7.25
SEN,2021,8.38
SRB,2000,0.0
SRB,2001,0.0
SRB,2002,0.0
SRB,2003,0.0
SRB,2004,0.0
SRB,2005,0.0
SRB,2006,0.0
SRB,2007,0.0
SRB,2008,0.0
SRB,2009,0.0
SRB,2010,0.0
SRB,2011,0.0
SRB,2012,0.0
SRB,2013,0.0
SRB,2014,0.03
SRB,2015,0.03
SRB,2016,0.03
SRB,2017,0.03
SRB,2018,0.03
SRB,2019,0.03
SRB,2020,0.03
SRB,2021,0.03
SYC,2000,0.0
SYC,2001,0.0
SYC,2002,0.0
SYC,2003,0.0
SYC,2004,0.0
SYC,2005,0.0
SYC,2006,0.0
SYC,2007,0.0
SYC,2008,0.0
SYC,2009,0.0
SYC,2010,0.0
SYC,2011,0.0
SYC,2012,0.0
SYC,2013,0.0
SYC,2014,0.0
SYC,2015,0.0
SYC,2016,0.0
SYC,2017,0.0
SYC,2018,0.0
SYC,2019,7.55
SYC,2020,10.0
SYC,2021,10.77
SLE,2000,0.0
SLE,2001,0.0
SLE,2002,0.0
SLE,2003,0.0
SLE,2004,0.0
SLE,2005,0.0
SLE,2006,0.0
SLE,2007,0.0
SLE,2008,0.0
SLE,2009,0.0
SLE,2010,0.0
SLE,2011,0.0
SLE,2012,0.0
SLE,2013,0.0
SLE,2014,0.0
SLE,2015,0.0
SLE,2016,0.0
SLE,2017,4.35
SLE,2018,3.85
SLE,2019,4.76
SLE,2020,4.76
SLE,2021,4.76
SGP,2000,0.0
SGP,2001,0.0
SGP,2002,0.0
SGP,2003,0.0
SGP,2004,0.0
SGP,2005,0.0
SGP,2006,0.0
SGP,2007,0.0
SGP,2008,0.0
SGP,2009,0.0
SGP,2010,0.0
SGP,2011,0.02
SGP,2012,0.02
SGP,2013,0.04
SGP,2014,0.09
SGP,2015,0.15
SGP,2016,0.31
SGP,2017,0.34
SGP,2018,0.47
SGP,2019,0.79
SGP,2020,0.98
SGP,2021,1.25
SVK,2000,0.0
SVK,2001,0.0
SVK,2002,0.0
SVK,2003,0.0
SVK,2004,0.0
SVK,2005,0.0
SVK,2006,0.0
SVK,2007,0.0
SVK,2008,0.0
SVK,2009,0.0
SVK,2010,0.07
SVK,2011,1.42
SVK,2012,1.49
SVK,2013,2.07
SVK,2014,2.22
SVK,2015,1.92
SVK,2016,1.99
SVK,2017,1.87
SVK,2018,2.18
SVK,2019,2.09
SVK,2020,2.31
SVK,2021,2.16
SVN,2000,0.0
SVN,2001,0.0
SVN,2002,0.0
SVN,2003,0.0
SVN,2004,0.0
SVN,2005,0.0
SVN,2006,0.0
SVN,2007,0.0
SVN,2008,0.0
SVN,2009,0.0
SVN,2010,0.06
SVN,2011,0.44
SVN,2012,1.03
SVN,2013,1.39
SVN,2014,1.52
SVN,2015,1.82
SVN,2016,1.66
SVN,2017,1.74
SVN,2018,1.55
SVN,2019,1.89
SVN,2020,2.19
SVN,2021,2.44
SLB,2000,0.0
SLB,2001,0.0
SLB,2002,0.0
SLB,2003,0.0
SLB,2004,0.0
SLB,2005,0.0
SLB,2006,0.0
SLB,2007,0.0
SLB,2008,0.0
SLB,2009,0.0
SLB,2010,0.0
SLB,2011,0.0
SLB,2012,0.0
SLB,2013,0.0
SLB,2014,0.0
SLB,2015,0.0
SLB,2016,0.0
SLB,2017,0.0
SLB,2018,0.0
SLB,2019,0.0
SLB,2020,0.0
SLB,2021,0.0
SOM,2000,0.0
SOM,2001,0.0
SOM,2002,0.0
SOM,2003,0.0
SOM,2004,0.0
SOM,2005,0.0
SOM,2006,0.0
SOM,2007,0.0
SOM,2008,0.0
SOM,2009,0.0
SOM,2010,0.0
SOM,2011,0.0
SOM,2012,0.0
SOM,2013,0.0
SOM,2014,0.0
SOM,2015,0.0
SOM,2016,2.94
SOM,2017,2.86
SOM,2018,2.86
SOM,2019,2.86
SOM,2020,5.26
SOM,2021,7.32
ZAF,2000,0.0
ZAF,2001,0.0
ZAF,2002,0.01
ZAF,2003,0.01
ZAF,2004,0.01
ZAF,2005,0.01
ZAF,2006,0.01
ZAF,2007,0.01
ZAF,2008,0.01
ZAF,2009,0.01
ZAF,2010,0.01
ZAF,2011,0.01
ZAF,2012,0.01
ZAF,2013,0.02
ZAF,2014,0.46
ZAF,2015,1.03
ZAF,2016,1.28
ZAF,2017,1.66
ZAF,2018,1.79
ZAF,2019,2.05
ZAF,2020,2.27
ZAF,2021,2.98
KOR,2000,0.0
KOR,2001,0.0
KOR,2002,0.0
KOR,2003,0.0
KOR,2004,0.0
KOR,2005,0.0
KOR,2006,0.01
KOR,2007,0.02
KOR,2008,0.07
KOR,2009,0.13
KOR,2010,0.16
KOR,2011,0.18
KOR,2012,0.22
KOR,2013,0.31
KOR,2014,0.49
KOR,2015,0.74
KOR,2016,0.95
KOR,2017,1.3
KOR,2018,1.64
KOR,2019,2.34
KOR,2020,3.26
KOR,2021,4.07
SSD,2012,0.0
SSD,2013,0.0
SSD,2014,0.0
SSD,2015,0.0
SSD,2016,0.0
SSD,2017,0.0
SSD,2018,1.79
SSD,2019,1.79
SSD,2020,1.85
SSD,2021,1.75
ESP,2000,0.0
ESP,2001,0.01
ESP,2002,0.01
ESP,2003,0.01
ESP,2004,0.01
ESP,2005,0.02
ESP,2006,0.04
ESP,2007,0.17
ESP,2008,0.83
ESP,2009,2.08
ESP,2010,2.41
ESP,2011,3.23
ESP,2012,4.07
ESP,2013,4.65
ESP,2014,4.97
ESP,2015,4.99
ESP,2016,5.03
ESP,2017,5.28
ESP,2018,4.69
ESP,2019,5.57
ESP,2020,7.96
ESP,2021,9.69
LKA,2000,0.16
LKA,2001,0.15
LKA,2002,0.15
LKA,2003,0.13
LKA,2004,0.13
LKA,2005,0.11
LKA,2006,0.12
LKA,2007,0.21
LKA,2008,0.21
LKA,2009,0.21
LKA,2010,0.19
LKA,2011,0.18
LKA,2012,0.18
LKA,2013,0.17
LKA,2014,0.25
LKA,2015,0.24
LKA,2016,0.37
LKA,2017,0.75
LKA,2018,1.54
LKA,2019,2.27
LKA,2020,2.82
LKA,2021,3.3
SDN,2000,0.0
SDN,2001,0.0
SDN,2002,0.0
SDN,2003,0.0
SDN,2004,0.0
SDN,2005,0.0
SDN,2006,0.0
SDN,2007,0.0
SDN,2008,0.0
SDN,2009,0.0
SDN,2010,0.0
SDN,2011,0.0
SDN,2012,0.11
SDN,2013,0.1
SDN,2014,0.09
SDN,2015,0.08
SDN,2016,0.14
SDN,2017,0.13
SDN,2018,0.13
SDN,2019,0.12
SDN,2020,0.18
SDN,2021,0.18
SUR,2000,0.0
SUR,2001,0.0
SUR,2002,0.0
SUR,2003,0.0
SUR,2004,0.0
SUR,2005,0.0
SUR,2006,0.0
SUR,2007,0.0
SUR,2008,0.0
SUR,2009,0.0
SUR,2010,0.0
SUR,2011,0.0
SUR,2012,0.0
SUR,2013,0.0
SUR,2014,0.0
SUR,2015,0.51
SUR,2016,0.52
SUR,2017,0.53
SUR,2018,0.53
SUR,2019,0.51
SUR,2020,0.52
SUR,2021,0.99
SWE,2000,0.0
SWE,2001,0.0
SWE,2002,0.0
SWE,2003,0.0
SWE,2004,0.0
SWE,2005,0.0
SWE,2006,0.0
SWE,2007,0.0
SWE,2008,0.0
SWE,2009,0.01
SWE,2010,0.01
SWE,2011,0.01
SWE,2012,0.01
SWE,2013,0.03
SWE,2014,0.03
SWE,2015,0.06
SWE,2016,0.09
SWE,2017,0.14
SWE,2018,0.25
SWE,2019,0.4
SWE,2020,0.64
SWE,2021,0.61
CHE,2000,0.02
CHE,2001,0.02
CHE,2002,0.02
CHE,2003,0.03
CHE,2004,0.03
CHE,2005,0.04
CHE,2006,0.03
CHE,2007,0.05
CHE,2008,0.05
CHE,2009,0.08
CHE,2010,0.15
CHE,2011,0.29
CHE,2012,0.47
CHE,2013,0.77
CHE,2014,1.27
CHE,2015,1.8
CHE,2016,2.31
CHE,2017,2.97
CHE,2018,3.13
CHE,2019,3.28
CHE,2020,3.86
CHE,2021,4.76
SYR,2000,0.0
SYR,2001,0.0
SYR,2002,0.0
SYR,2003,0.0
SYR,2004,0.0
SYR,2005,0.0
SYR,2006,0.0
SYR,2007,0.0
SYR,2008,0.0
SYR,2009,0.0
SYR,2010,0.0
SYR,2011,0.0
SYR,2012,0.0
SYR,2013,0.0
SYR,2014,0.0
SYR,2015,0.0
SYR,2016,0.0
SYR,2017,0.0
SYR,2018,0.0
SYR,2019,0.0
SYR,2020,0.0
SYR,2021,0.0
TWN,2000,0.0
TWN,2001,0.0
TWN,2002,0.0
TWN,2003,0.0
TWN,2004,0.0
TWN,2005,0.0
TWN,2006,0.0
TWN,2007,0.0
TWN,2008,0.0
TWN,2009,0.0
TWN,2010,0.01
TWN,2011,0.02
TWN,2012,0.06
TWN,2013,0.13
TWN,2014,0.21
TWN,2015,0.33
TWN,2016,0.43
TWN,2017,0.63
TWN,2018,1.0
TWN,2019,1.48
TWN,2020,2.19
TWN,2021,2.77
TJK,2000,0.0
TJK,2001,0.0
TJK,2002,0.0
TJK,2003,0.0
TJK,2004,0.0
TJK,2005,0.0
TJK,2006,0.0
TJK,2007,0.0
TJK,2008,0.0
TJK,2009,0.0
TJK,2010,0.0
TJK,2011,0.0
TJK,2012,0.0
TJK,2013,0.0
TJK,2014,0.0
TJK,2015,0.0
TJK,2016,0.0
TJK,2017,0.0
TJK,2018,0.0
TJK,2019,0.0
TJK,2020,0.0
TJK,2021,0.0
TZA,2000,0.0
TZA,2001,0.0
TZA,2002,0.0
TZA,2003,0.0
TZA,2004,0.0
TZA,2005,0.0
TZA,2006,0.0
TZA,2007,0.0
TZA,2008,0.0
TZA,2009,0.0
TZA,2010,0.19
TZA,2011,0.2
TZA,2012,0.18
TZA,2013,0.17
TZA,2014,0.33
TZA,2015,0.3
TZA,2016,0.43
TZA,2017,0.57
TZA,2018,0.69
TZA,2019,0.66
TZA,2020,0.62
TZA,2021,0.73
THA,2000,0.0
THA,2001,0.0
THA,2002,0.0
THA,2003,0.0
THA,2004,0.0
THA,2005,0.0
THA,2006,0.0
THA,2007,0.0
THA,2008,0.0
THA,2009,0.01
THA,2010,0.01
THA,2011,0.06
THA,2012,0.32
THA,2013,0.78
THA,2014,1.18
THA,2015,1.43
THA,2016,1.9
THA,2017,2.5
THA,2018,2.49
THA,2019,2.7
THA,2020,2.81
THA,2021,2.3
TLS,2003,0.0
TLS,2004,0.0
TLS,2005,0.0
TLS,2006,0.0
TLS,2007,0.0
TLS,2008,0.0
TLS,2009,0.0
TLS,2010,0.0
TLS,2011,0.0
TLS,2012,0.0
TLS,2013,0.0
TLS,2014,0.0
TLS,2015,0.0
TLS,2016,0.0
TLS,2017,0.0
TLS,2018,0.0
TLS,2019,0.0
TLS,2020,0.0
TLS,2021,0.0
TGO,2000,0.0
TGO,2001,0.0
TGO,2002,0.0
TGO,2003,0.0
TGO,2004,0.0
TGO,2005,0.0
TGO,2006,0.0
TGO,2007,0.0
TGO,2008,0.0
TGO,2009,0.0
TGO,2010,0.0
TGO,2011,0.0
TGO,2012,0.0
TGO,2013,0.0
TGO,2014,0.0
TGO,2015,0.0
TGO,2016,0.0
TGO,2017,0.0
TGO,2018,1.75
TGO,2019,1.43
TGO,2020,1.72
TGO,2021,3.17
TON,2000,0.0
TON,2001,0.0
TON,2002,0.0
TON,2003,0.0
TON,2004,0.0
TON,2005,0.0
TON,2006,0.0
TON,2007,0.0
TON,2008,0.0
TON,2009,0.0
TON,2010,0.0
TON,2011,0.0
TON,2012,0.0
TON,2013,0.0
TON,2014,0.0
TON,2015,0.0
TON,2016,0.0
TON,2017,16.67
TON,2018,14.29
TON,2019,14.29
TON,2020,14.29
TON,2021,12.5
TTO,2000,0.0
TTO,2001,0.0
TTO,2002,0.0
TTO,2003,0.0
TTO,2004,0.0
TTO,2005,0.0
TTO,2006,0.0
TTO,2007,0.0
TTO,2008,0.0
TTO,2009,0.0
TTO,2010,0.0
TTO,2011,0.0
TTO,2012,0.0
TTO,2013,0.0
TTO,2014,0.0
TTO,2015,0.11
TTO,2016,0.11
TTO,2017,0.11
TTO,2018,0.12
TTO,2019,0.12
TTO,2020,0.12
TTO,2021,0.11
TUN,2000,0.0
TUN,2001,0.0
TUN,2002,0.0
TUN,2003,0.0
TUN,2004,0.0
TUN,2005,0.0
TUN,2006,0.0
TUN,2007,0.0
TUN,2008,0.0
TUN,2009,0.0
TUN,2010,0.0
TUN,2011,0.0
TUN,2012,0.06
TUN,2013,0.12
TUN,2014,0.17
TUN,2015,0.33
TUN,2016,0.59
TUN,2017,0.68
TUN,2018,0.87
TUN,2019,1.22
TUN,2020,1.69
TUN,2021,1.96
TUR,2000,0.0
TUR,2001,0.0
TUR,2002,0.0
TUR,2003,0.0
TUR,2004,0.0
TUR,2005,0.0
TUR,2006,0.0
TUR,2007,0.0
TUR,2008,0.0
TUR,2009,0.0
TUR,2010,0.0
TUR,2011,0.0
TUR,2012,0.0
TUR,2013,0.0
TUR,2014,0.01
TUR,2015,0.07
TUR,2016,0.38
TUR,2017,0.97
TUR,2018,2.57
TUR,2019,3.05
TUR,2020,3.59
TUR,2021,3.92
TKM,2000,0.0
TKM,2001,0.0
TKM,2002,0.0
TKM,2003,0.0
TKM,2004,0.0
TKM,2005,0.0
TKM,2006,0.0
TKM,2007,0.0
TKM,2008,0.0
TKM,2009,0.0
TKM,2010,0.0
TKM,2011,0.0
TKM,2012,0.0
TKM,2013,0.0
TKM,2014,0.0
TKM,2015,0.0
TKM,2016,0.0
TKM,2017,0.0
TKM,2018,0.0
TKM,2019,0.0
TKM,2020,0.0
TKM,2021,0.0
TCA,2000,0.0
TCA,2001,0.0
TCA,2002,0.0
TCA,2003,0.0
TCA,2004,0.0
TCA,2005,0.0
TCA,2006,0.0
TCA,2007,0.0
TCA,2008,0.0
TCA,2009,0.0
TCA,2010,0.0
TCA,2011,0.0
TCA,2012,0.0
TCA,2013,0.0
TCA,2014,0.0
TCA,2015,0.0
TCA,2016,0.0
TCA,2017,0.0
TCA,2018,0.0
TCA,2019,0.0
TCA,2020,0.0
TCA,2021,0.0
UGA,2000,0.0
UGA,2001,0.0
UGA,2002,0.0
UGA,2003,0.0
UGA,2004,0.0
UGA,2005,0.0
UGA,2006,0.64
UGA,2007,0.51
UGA,2008,0.86
UGA,2009,0.83
UGA,2010,0.74
UGA,2011,0.77
UGA,2012,1.53
UGA,2013,1.16
UGA,2014,1.07
UGA,2015,1.05
UGA,2016,1.06
UGA,2017,1.53
UGA,2018,1.62
UGA,2019,2.78
UGA,2020,2.7
UGA,2021,3.41
UKR,2000,0.0
UKR,2001,0.0
UKR,2002,0.0
UKR,2003,0.0
UKR,2004,0.0
UKR,2005,0.0
UKR,2006,0.0
UKR,2007,0.0
UKR,2008,0.0
UKR,2009,0.0
UKR,2010,0.0
UKR,2011,0.02
UKR,2012,0.17
UKR,2013,0.29
UKR,2014,0.24
UKR,2015,0.3
UKR,2016,0.3
UKR,2017,0.48
UKR,2018,0.7
UKR,2019,1.92
UKR,2020,4.03
UKR,2021,3.84
ARE,2000,0.0
ARE,2001,0.0
ARE,2002,0.0
ARE,2003,0.0
ARE,2004,0.0
ARE,2005,0.0
ARE,2006,0.0
ARE,2007,0.0
ARE,2008,0.0
ARE,2009,0.01
ARE,2010,0.02
ARE,2011,0.03
ARE,2012,0.02
ARE,2013,0.08
ARE,2014,0.27
ARE,2015,0.25
ARE,2016,0.25
ARE,2017,0.58
ARE,2018,1.02
ARE,2019,2.92
ARE,2020,4.34
ARE,2021,4.93
GBR,2000,0.0
GBR,2001,0.0
GBR,2002,0.0
GBR,2003,0.0
GBR,2004,0.0
GBR,2005,0.0
GBR,2006,0.0
GBR,2007,0.0
GBR,2008,0.01
GBR,2009,0.01
GBR,2010,0.01
GBR,2011,0.07
GBR,2012,0.37
GBR,2013,0.57
GBR,2014,1.21
GBR,2015,2.25
GBR,2016,3.09
GBR,2017,3.42
GBR,2018,3.85
GBR,2019,4.02
GBR,2020,4.33
GBR,2021,4.06
USA,2000,0.01
USA,2001,0.01
USA,2002,0.01
USA,2003,0.01
USA,2004,0.01
USA,2005,0.01
USA,2006,0.01
USA,2007,0.01
USA,2008,0.02
USA,2009,0.02
USA,2010,0.03
USA,2011,0.04
USA,2012,0.11
USA,2013,0.22
USA,2014,0.71
USA,2015,0.96
USA,2016,1.34
USA,2017,1.91
USA,2018,2.22
USA,2019,2.57
USA,2020,3.23
USA,2021,3.96
URY,2000,0.0
URY,2001,0.0
URY,2002,0.0
URY,2003,0.0
URY,2004,0.0
URY,2005,0.0
URY,2006,0.0
URY,2007,0.0
URY,2008,0.0
URY,2009,0.0
URY,2010,0.0
URY,2011,0.0
URY,2012,0.0
URY,2013,0.0
URY,2014,0.0
URY,2015,0.37
URY,2016,1.09
URY,2017,1.89
URY,2018,2.83
URY,2019,2.62
URY,2020,3.39
URY,2021,3.03
UZB,2000,0.0
UZB,2001,0.0
UZB,2002,0.0
UZB,2003,0.0
UZB,2004,0.0
UZB,2005,0.0
UZB,2006,0.0
UZB,2007,0.0
UZB,2008,0.0
UZB,2009,0.0
UZB,2010,0.0
UZB,2011,0.0
UZB,2012,0.0
UZB,2013,0.0
UZB,2014,0.0
UZB,2015,0.0
UZB,2016,0.0
UZB,2017,0.02
UZB,2018,0.02
UZB,2019,0.02
UZB,2020,0.02
UZB,2021,0.02
VUT,2000,0.0
VUT,2001,0.0
VUT,2002,0.0
VUT,2003,0.0
VUT,2004,0.0
VUT,2005,0.0
VUT,2006,0.0
VUT,2007,0.0
VUT,2008,0.0
VUT,2009,0.0
VUT,2010,0.0
VUT,2011,0.0
VUT,2012,0.0
VUT,2013,0.0
VUT,2014,0.0
VUT,2015,0.0
VUT,2016,0.0
VUT,2017,0.0
VUT,2018,14.29
VUT,2019,14.29
VUT,2020,14.29
VUT,2021,14.29
VEN,2000,0.0
VEN,2001,0.0
VEN,2002,0.0
VEN,2003,0.0
VEN,2004,0.0
VEN,2005,0.0
VEN,2006,0.0
VEN,2007,0.0
VEN,2008,0.0
VEN,2009,0.0
VEN,2010,0.0
VEN,2011,0.0
VEN,2012,0.0
VEN,2013,0.0
VEN,2014,0.0
VEN,2015,0.01
VEN,2016,0.01
VEN,2017,0.01
VEN,2018,0.01
VEN,2019,0.01
VEN,2020,0.01
VEN,2021,0.01
VNM,2000,0.0
VNM,2001,0.0
VNM,2002,0.0
VNM,2003,0.0
VNM,2004,0.0
VNM,2005,0.0
VNM,2006,0.0
VNM,2007,0.0
VNM,2008,0.0
VNM,2009,0.0
VNM,2010,0.01
VNM,2011,0.01
VNM,2012,0.01
VNM,2013,0.01
VNM,2014,0.01
VNM,2015,0.01
VNM,2016,0.01
VNM,2017,0.01
VNM,2018,0.05
VNM,2019,2.2
VNM,2020,4.14
VNM,2021,4.79
VGB,2000,0.0
VGB,2001,0.0
VGB,2002,0.0
VGB,2003,0.0
VGB,2004,0.0
VGB,2005,0.0
VGB,2006,0.0
VGB,2007,0.0
VGB,2008,0.0
VGB,2009,0.0
VGB,2010,0.0
VGB,2011,0.0
VGB,2012,0.0
VGB,2013,0.0
VGB,2014,0.0
VGB,2015,0.0
VGB,2016,0.0
VGB,2017,0.0
VGB,2018,0.0
VGB,2019,0.0
VGB,2020,0.0
VGB,2021,0.0
VIR,2000,0.0
VIR,2001,0.0
VIR,2002,0.0
VIR,2003,0.0
VIR,2004,0.0
VIR,2005,0.0
VIR,2006,0.0
VIR,2007,0.0
VIR,2008,0.0
VIR,2009,0.0
VIR,2010,0.0
VIR,2011,0.0
VIR,2012,0.0
VIR,2013,0.0
VIR,2014,1.43
VIR,2015,1.45
VIR,2016,1.47
VIR,2017,1.89
VIR,2018,1.64
VIR,2019,1.61
VIR,2020,1.56
VIR,2021,2.86
ESH,2000,0.0
ESH,2001,0.0
ESH,2002,0.0
ESH,2003,0.0
ESH,2004,0.0
ESH,2005,0.0
ESH,2006,0.0
ESH,2007,0.0
ESH,2008,0.0
ESH,2009,0.0
ESH,2010,
ESH,2011,
ESH,2012,
ESH,2013,
ESH,2014,
ESH,2015,
ESH,2016,
ESH,2017,
ESH,2018,
ESH,2019,
ESH,2020,
ESH,2021,
YEM,2000,0.0
YEM,2001,0.0
YEM,2002,0.0
YEM,2003,0.0
YEM,2004,0.0
YEM,2005,0.0
YEM,2006,0.0
YEM,2007,0.0
YEM,2008,0.0
YEM,2009,0.0
YEM,2010,0.0
YEM,2011,0.0
YEM,2012,0.0
YEM,2013,0.0
YEM,2014,0.14
YEM,2015,2.02
YEM,2016,3.54
YEM,2017,4.97
YEM,2018,14.55
YEM,2019,14.04
YEM,2020,15.12
YEM,2021,17.05
ZMB,2000,0.0
ZMB,2001,0.0
ZMB,2002,0.0
ZMB,2003,0.0
ZMB,2004,0.0
ZMB,2005,0.0
ZMB,2006,0.0
ZMB,2007,0.0
ZMB,2008,0.0
ZMB,2009,0.0
ZMB,2010,0.0
ZMB,2011,0.0
ZMB,2012,0.0
ZMB,2013,0.0
ZMB,2014,0.0
ZMB,2015,0.0
ZMB,2016,0.0
ZMB,2017,0.0
ZMB,2018,0.0
ZMB,2019,0.82
ZMB,2020,0.99
ZMB,2021,0.85
ZWE,2000,0.0
ZWE,2001,0.0
ZWE,2002,0.0
ZWE,2003,0.0
ZWE,2004,0.0
ZWE,2005,0.0
ZWE,2006,0.0
ZWE,2007,0.0
ZWE,2008,0.0
ZWE,2009,0.0
ZWE,2010,0.0
ZWE,2011,0.0
ZWE,2012,0.0
ZWE,2013,0.0
ZWE,2014,0.0
ZWE,2015,0.11
ZWE,2016,0.15
ZWE,2017,0.14
ZWE,2018,0.22
ZWE,2019,0.36
ZWE,2020,0.39
ZWE,2021,0.5
